Commit Hash,ClassQualifiedName,Decor_Spaghetti_Code,Decor_Large_Class,Decor_Complex_Class
04c5745e5fda5ec3b802efff120cbd462e5ff6c5,org.zakky.smart_tag_app.MediaUtils,0,0,0
04c5745e5fda5ec3b802efff120cbd462e5ff6c5,org.zakky.smart_tag_app.SmartTagAppActivity,0,0,0
04c5745e5fda5ec3b802efff120cbd462e5ff6c5,org.zakky.smart_tag_app.SmartTagTask,0,0,0
04c5745e5fda5ec3b802efff120cbd462e5ff6c5,org.zakky.memopad.BgConfigActionProvider,0,0,0
04c5745e5fda5ec3b802efff120cbd462e5ff6c5,org.zakky.memopad.CanvasFragment,0,0,0
04c5745e5fda5ec3b802efff120cbd462e5ff6c5,org.zakky.memopad.MyDialogFragment,0,0,0
04c5745e5fda5ec3b802efff120cbd462e5ff6c5,org.zakky.memopad.PadActivity,0,0,0
04c5745e5fda5ec3b802efff120cbd462e5ff6c5,org.zakky.memopad.PaintView,0,0,0
04c5745e5fda5ec3b802efff120cbd462e5ff6c5,org.zakky.memopad.PenConfigActionProvider,0,0,0
e47c41902746e54611cdda6f102bc77d9747879e,org.zakky.smart_tag_app.MediaUtils,0,0,0
e47c41902746e54611cdda6f102bc77d9747879e,org.zakky.smart_tag_app.SmartTagAppActivity,0,0,0
e47c41902746e54611cdda6f102bc77d9747879e,org.zakky.smart_tag_app.SmartTagTask,0,0,0
e47c41902746e54611cdda6f102bc77d9747879e,org.zakky.memopad.BgConfigActionProvider,0,0,0
e47c41902746e54611cdda6f102bc77d9747879e,org.zakky.memopad.CanvasFragment,0,0,0
e47c41902746e54611cdda6f102bc77d9747879e,org.zakky.memopad.MyDialogFragment,0,0,0
e47c41902746e54611cdda6f102bc77d9747879e,org.zakky.memopad.PadActivity,0,0,0
e47c41902746e54611cdda6f102bc77d9747879e,org.zakky.memopad.PaintView,0,0,0
e47c41902746e54611cdda6f102bc77d9747879e,org.zakky.memopad.PenConfigActionProvider,0,0,0
b557225d6b1c1aa068ba6891ca84224fedc99f3e,org.zakky.smart_tag_app.MediaUtils,0,0,0
b557225d6b1c1aa068ba6891ca84224fedc99f3e,org.zakky.smart_tag_app.SmartTagAppActivity,0,0,0
b557225d6b1c1aa068ba6891ca84224fedc99f3e,org.zakky.smart_tag_app.SmartTagTask,0,0,0
b557225d6b1c1aa068ba6891ca84224fedc99f3e,org.zakky.memopad.BgConfigActionProvider,0,0,0
b557225d6b1c1aa068ba6891ca84224fedc99f3e,org.zakky.memopad.CanvasFragment,0,0,0
b557225d6b1c1aa068ba6891ca84224fedc99f3e,org.zakky.memopad.MyDialogFragment,0,0,0
b557225d6b1c1aa068ba6891ca84224fedc99f3e,org.zakky.memopad.PadActivity,0,0,0
b557225d6b1c1aa068ba6891ca84224fedc99f3e,org.zakky.memopad.PaintView,0,0,0
b557225d6b1c1aa068ba6891ca84224fedc99f3e,org.zakky.memopad.PenConfigActionProvider,0,0,0
f1c642c832811a3fc3211744ad8943a72be4ad4a,org.zakky.smart_tag_app.MediaUtils,0,0,0
f1c642c832811a3fc3211744ad8943a72be4ad4a,org.zakky.smart_tag_app.SmartTagAppActivity,0,0,0
f1c642c832811a3fc3211744ad8943a72be4ad4a,org.zakky.smart_tag_app.SmartTagTask,0,0,0
f1c642c832811a3fc3211744ad8943a72be4ad4a,org.zakky.memopad.BgConfigActionProvider,0,0,0
f1c642c832811a3fc3211744ad8943a72be4ad4a,org.zakky.memopad.CanvasFragment,0,0,0
f1c642c832811a3fc3211744ad8943a72be4ad4a,org.zakky.memopad.MyDialogFragment,0,0,0
f1c642c832811a3fc3211744ad8943a72be4ad4a,org.zakky.memopad.PadActivity,0,0,0
f1c642c832811a3fc3211744ad8943a72be4ad4a,org.zakky.memopad.PaintView,0,0,0
f1c642c832811a3fc3211744ad8943a72be4ad4a,org.zakky.memopad.PenConfigActionProvider,0,0,0
f48eb706ba9628c676f178ce4b1b4cf79c6a54b0,org.zakky.smart_tag_app.MediaUtils,0,0,0
f48eb706ba9628c676f178ce4b1b4cf79c6a54b0,org.zakky.smart_tag_app.SmartTagAppActivity,0,0,0
f48eb706ba9628c676f178ce4b1b4cf79c6a54b0,org.zakky.smart_tag_app.SmartTagTask,0,0,0
f48eb706ba9628c676f178ce4b1b4cf79c6a54b0,org.zakky.memopad.BgConfigActionProvider,0,0,0
f48eb706ba9628c676f178ce4b1b4cf79c6a54b0,org.zakky.memopad.CanvasFragment,0,0,0
f48eb706ba9628c676f178ce4b1b4cf79c6a54b0,org.zakky.memopad.MyDialogFragment,0,0,0
f48eb706ba9628c676f178ce4b1b4cf79c6a54b0,org.zakky.memopad.PadActivity,0,0,0
f48eb706ba9628c676f178ce4b1b4cf79c6a54b0,org.zakky.memopad.PaintView,0,0,0
f48eb706ba9628c676f178ce4b1b4cf79c6a54b0,org.zakky.memopad.PenConfigActionProvider,0,0,0
db95e1208975eeab2f62546aa3362a806075b4e8,org.zakky.smart_tag_app.MediaUtils,0,0,0
db95e1208975eeab2f62546aa3362a806075b4e8,org.zakky.smart_tag_app.SmartTagAppActivity,0,0,0
db95e1208975eeab2f62546aa3362a806075b4e8,org.zakky.smart_tag_app.SmartTagTask,0,0,0
db95e1208975eeab2f62546aa3362a806075b4e8,org.zakky.memopad.BgConfigActionProvider,0,0,0
db95e1208975eeab2f62546aa3362a806075b4e8,org.zakky.memopad.CanvasFragment,0,0,0
db95e1208975eeab2f62546aa3362a806075b4e8,org.zakky.memopad.MyDialogFragment,0,0,0
db95e1208975eeab2f62546aa3362a806075b4e8,org.zakky.memopad.PadActivity,0,0,0
db95e1208975eeab2f62546aa3362a806075b4e8,org.zakky.memopad.PaintView,0,0,0
db95e1208975eeab2f62546aa3362a806075b4e8,org.zakky.memopad.PenConfigActionProvider,0,0,0
b6c068312dc3f955adec494f1e287cfa2295ebf0,org.zakky.smart_tag_app.MediaUtils,0,0,0
b6c068312dc3f955adec494f1e287cfa2295ebf0,org.zakky.smart_tag_app.SmartTagAppActivity,0,0,0
b6c068312dc3f955adec494f1e287cfa2295ebf0,org.zakky.smart_tag_app.SmartTagTask,0,0,0
b6c068312dc3f955adec494f1e287cfa2295ebf0,org.zakky.memopad.BgConfigActionProvider,0,0,0
b6c068312dc3f955adec494f1e287cfa2295ebf0,org.zakky.memopad.CanvasFragment,0,0,0
b6c068312dc3f955adec494f1e287cfa2295ebf0,org.zakky.memopad.MyDialogFragment,0,0,0
b6c068312dc3f955adec494f1e287cfa2295ebf0,org.zakky.memopad.PadActivity,0,0,0
b6c068312dc3f955adec494f1e287cfa2295ebf0,org.zakky.memopad.PaintView,0,0,0
b6c068312dc3f955adec494f1e287cfa2295ebf0,org.zakky.memopad.PenConfigActionProvider,0,0,0
1cdf01f1ce53a9e800b8d97796c8b9a18af405d3,org.zakky.smart_tag_app.MediaUtils,0,0,0
1cdf01f1ce53a9e800b8d97796c8b9a18af405d3,org.zakky.smart_tag_app.SmartTagAppActivity,0,0,0
1cdf01f1ce53a9e800b8d97796c8b9a18af405d3,org.zakky.smart_tag_app.SmartTagTask,0,0,0
1cdf01f1ce53a9e800b8d97796c8b9a18af405d3,org.zakky.memopad.BgConfigActionProvider,0,0,0
1cdf01f1ce53a9e800b8d97796c8b9a18af405d3,org.zakky.memopad.CanvasFragment,0,0,0
1cdf01f1ce53a9e800b8d97796c8b9a18af405d3,org.zakky.memopad.MyDialogFragment,0,0,0
1cdf01f1ce53a9e800b8d97796c8b9a18af405d3,org.zakky.memopad.PadActivity,0,0,0
1cdf01f1ce53a9e800b8d97796c8b9a18af405d3,org.zakky.memopad.PaintView,0,0,0
1cdf01f1ce53a9e800b8d97796c8b9a18af405d3,org.zakky.memopad.PenConfigActionProvider,0,0,0
0ea8e817d907e833f7cbf0fed8db7dd7b768f5df,org.zakky.smart_tag_app.MediaUtils,0,0,0
0ea8e817d907e833f7cbf0fed8db7dd7b768f5df,org.zakky.smart_tag_app.SmartTagAppActivity,0,0,0
0ea8e817d907e833f7cbf0fed8db7dd7b768f5df,org.zakky.smart_tag_app.SmartTagTask,0,0,0
0ea8e817d907e833f7cbf0fed8db7dd7b768f5df,org.zakky.memopad.BgConfigActionProvider,0,0,0
0ea8e817d907e833f7cbf0fed8db7dd7b768f5df,org.zakky.memopad.CanvasFragment,0,0,0
0ea8e817d907e833f7cbf0fed8db7dd7b768f5df,org.zakky.memopad.MyDialogFragment,0,0,0
0ea8e817d907e833f7cbf0fed8db7dd7b768f5df,org.zakky.memopad.PadActivity,0,0,0
0ea8e817d907e833f7cbf0fed8db7dd7b768f5df,org.zakky.memopad.PaintView,0,0,0
0ea8e817d907e833f7cbf0fed8db7dd7b768f5df,org.zakky.memopad.PenConfigActionProvider,0,0,0
9a91a92589d146e3b2758ba17624d699f2fb6c99,org.zakky.smart_tag_app.MediaUtils,0,0,0
9a91a92589d146e3b2758ba17624d699f2fb6c99,org.zakky.smart_tag_app.SmartTagAppActivity,0,0,0
9a91a92589d146e3b2758ba17624d699f2fb6c99,org.zakky.smart_tag_app.SmartTagTask,0,0,0
9a91a92589d146e3b2758ba17624d699f2fb6c99,org.zakky.memopad.BgConfigActionProvider,0,0,0
9a91a92589d146e3b2758ba17624d699f2fb6c99,org.zakky.memopad.CanvasFragment,0,0,0
9a91a92589d146e3b2758ba17624d699f2fb6c99,org.zakky.memopad.MyDialogFragment,0,0,0
9a91a92589d146e3b2758ba17624d699f2fb6c99,org.zakky.memopad.PadActivity,0,0,0
9a91a92589d146e3b2758ba17624d699f2fb6c99,org.zakky.memopad.PaintView,0,0,0
9a91a92589d146e3b2758ba17624d699f2fb6c99,org.zakky.memopad.PenConfigActionProvider,0,0,0
d34124f42d2d650bf3007f7f726e181345940a77,org.zakky.smart_tag_app.MediaUtils,0,0,0
d34124f42d2d650bf3007f7f726e181345940a77,org.zakky.smart_tag_app.SmartTagAppActivity,0,0,0
d34124f42d2d650bf3007f7f726e181345940a77,org.zakky.smart_tag_app.SmartTagTask,0,0,0
d34124f42d2d650bf3007f7f726e181345940a77,org.zakky.memopad.BgConfigActionProvider,0,0,0
d34124f42d2d650bf3007f7f726e181345940a77,org.zakky.memopad.CanvasFragment,0,0,0
d34124f42d2d650bf3007f7f726e181345940a77,org.zakky.memopad.MyDialogFragment,0,0,0
d34124f42d2d650bf3007f7f726e181345940a77,org.zakky.memopad.PadActivity,0,0,0
d34124f42d2d650bf3007f7f726e181345940a77,org.zakky.memopad.PaintView,0,0,0
d34124f42d2d650bf3007f7f726e181345940a77,org.zakky.memopad.PenConfigActionProvider,0,0,0
4c62368fb4eed4bcb655e4103dde4be54c06c3f3,org.zakky.smart_tag_app.MediaUtils,0,0,0
4c62368fb4eed4bcb655e4103dde4be54c06c3f3,org.zakky.smart_tag_app.SmartTagAppActivity,0,0,0
4c62368fb4eed4bcb655e4103dde4be54c06c3f3,org.zakky.smart_tag_app.SmartTagTask,0,0,0
4c62368fb4eed4bcb655e4103dde4be54c06c3f3,org.zakky.memopad.BgConfigActionProvider,0,0,0
4c62368fb4eed4bcb655e4103dde4be54c06c3f3,org.zakky.memopad.CanvasFragment,0,0,0
4c62368fb4eed4bcb655e4103dde4be54c06c3f3,org.zakky.memopad.MyDialogFragment,0,0,0
4c62368fb4eed4bcb655e4103dde4be54c06c3f3,org.zakky.memopad.PadActivity,0,0,0
4c62368fb4eed4bcb655e4103dde4be54c06c3f3,org.zakky.memopad.PaintView,0,0,0
4c62368fb4eed4bcb655e4103dde4be54c06c3f3,org.zakky.memopad.PenConfigActionProvider,0,0,0
da81a5c57f7e5ea5e7e2551c3ff7e6b5e19eb781,org.zakky.smart_tag_app.MediaUtils,0,0,0
da81a5c57f7e5ea5e7e2551c3ff7e6b5e19eb781,org.zakky.smart_tag_app.SmartTagAppActivity,0,0,0
da81a5c57f7e5ea5e7e2551c3ff7e6b5e19eb781,org.zakky.smart_tag_app.SmartTagTask,0,0,0
da81a5c57f7e5ea5e7e2551c3ff7e6b5e19eb781,org.zakky.memopad.BgConfigActionProvider,0,0,0
da81a5c57f7e5ea5e7e2551c3ff7e6b5e19eb781,org.zakky.memopad.CanvasFragment,0,0,0
da81a5c57f7e5ea5e7e2551c3ff7e6b5e19eb781,org.zakky.memopad.MyDialogFragment,0,0,0
da81a5c57f7e5ea5e7e2551c3ff7e6b5e19eb781,org.zakky.memopad.PadActivity,0,0,0
da81a5c57f7e5ea5e7e2551c3ff7e6b5e19eb781,org.zakky.memopad.PaintView,0,0,0
da81a5c57f7e5ea5e7e2551c3ff7e6b5e19eb781,org.zakky.memopad.PenConfigActionProvider,0,0,0
9f0958902741cc46b10e5d6f480d64824809673d,org.zakky.smart_tag_app.MediaUtils,0,0,0
9f0958902741cc46b10e5d6f480d64824809673d,org.zakky.smart_tag_app.SmartTagAppActivity,0,0,0
9f0958902741cc46b10e5d6f480d64824809673d,org.zakky.smart_tag_app.SmartTagTask,0,0,0
9f0958902741cc46b10e5d6f480d64824809673d,org.zakky.memopad.BgConfigActionProvider,0,0,0
9f0958902741cc46b10e5d6f480d64824809673d,org.zakky.memopad.CanvasFragment,0,0,0
9f0958902741cc46b10e5d6f480d64824809673d,org.zakky.memopad.MyDialogFragment,0,0,0
9f0958902741cc46b10e5d6f480d64824809673d,org.zakky.memopad.PadActivity,0,0,0
9f0958902741cc46b10e5d6f480d64824809673d,org.zakky.memopad.PaintView,0,0,0
9f0958902741cc46b10e5d6f480d64824809673d,org.zakky.memopad.PenConfigActionProvider,0,0,0
0b86f9abc1f1c0884f91a0f722e4e00fd92dfcac,org.zakky.smart_tag_app.MediaUtils,0,0,0
0b86f9abc1f1c0884f91a0f722e4e00fd92dfcac,org.zakky.smart_tag_app.SmartTagAppActivity,0,0,0
0b86f9abc1f1c0884f91a0f722e4e00fd92dfcac,org.zakky.smart_tag_app.SmartTagTask,0,0,0
0b86f9abc1f1c0884f91a0f722e4e00fd92dfcac,org.zakky.memopad.BgConfigActionProvider,0,0,0
0b86f9abc1f1c0884f91a0f722e4e00fd92dfcac,org.zakky.memopad.CanvasFragment,0,0,0
0b86f9abc1f1c0884f91a0f722e4e00fd92dfcac,org.zakky.memopad.MyDialogFragment,0,0,0
0b86f9abc1f1c0884f91a0f722e4e00fd92dfcac,org.zakky.memopad.PadActivity,0,0,0
0b86f9abc1f1c0884f91a0f722e4e00fd92dfcac,org.zakky.memopad.PaintView,0,0,0
0b86f9abc1f1c0884f91a0f722e4e00fd92dfcac,org.zakky.memopad.PenConfigActionProvider,0,0,0
6ecd27c609299a19654c3f3262efa7f6ccfcc0cb,org.zakky.smart_tag_app.MediaUtils,0,0,0
6ecd27c609299a19654c3f3262efa7f6ccfcc0cb,org.zakky.smart_tag_app.SmartTagAppActivity,0,0,0
6ecd27c609299a19654c3f3262efa7f6ccfcc0cb,org.zakky.smart_tag_app.SmartTagTask,0,0,0
6ecd27c609299a19654c3f3262efa7f6ccfcc0cb,org.zakky.memopad.BgConfigActionProvider,0,0,0
6ecd27c609299a19654c3f3262efa7f6ccfcc0cb,org.zakky.memopad.CanvasFragment,0,0,0
6ecd27c609299a19654c3f3262efa7f6ccfcc0cb,org.zakky.memopad.MyDialogFragment,0,0,0
6ecd27c609299a19654c3f3262efa7f6ccfcc0cb,org.zakky.memopad.PadActivity,0,0,0
6ecd27c609299a19654c3f3262efa7f6ccfcc0cb,org.zakky.memopad.PaintView,0,0,0
6ecd27c609299a19654c3f3262efa7f6ccfcc0cb,org.zakky.memopad.PenConfigActionProvider,0,0,0
f214d26006724c49baa137e308879389f4cc167e,org.zakky.smart_tag_app.MediaUtils,0,0,0
f214d26006724c49baa137e308879389f4cc167e,org.zakky.smart_tag_app.SmartTagAppActivity,0,0,0
f214d26006724c49baa137e308879389f4cc167e,org.zakky.smart_tag_app.SmartTagTask,0,0,0
f214d26006724c49baa137e308879389f4cc167e,org.zakky.memopad.BgConfigActionProvider,0,0,0
f214d26006724c49baa137e308879389f4cc167e,org.zakky.memopad.CanvasFragment,0,0,0
f214d26006724c49baa137e308879389f4cc167e,org.zakky.memopad.MyDialogFragment,0,0,0
f214d26006724c49baa137e308879389f4cc167e,org.zakky.memopad.PadActivity,0,0,0
f214d26006724c49baa137e308879389f4cc167e,org.zakky.memopad.PaintView,0,0,0
f214d26006724c49baa137e308879389f4cc167e,org.zakky.memopad.PenConfigActionProvider,0,0,0
01cfcae79cb890f2f2e1825e15e2a428390bce02,org.zakky.smart_tag_app.MediaUtils,0,0,0
01cfcae79cb890f2f2e1825e15e2a428390bce02,org.zakky.smart_tag_app.SmartTagAppActivity,0,0,0
01cfcae79cb890f2f2e1825e15e2a428390bce02,org.zakky.smart_tag_app.SmartTagTask,0,0,0
01cfcae79cb890f2f2e1825e15e2a428390bce02,org.zakky.memopad.BgConfigActionProvider,0,0,0
01cfcae79cb890f2f2e1825e15e2a428390bce02,org.zakky.memopad.CanvasFragment,0,0,0
01cfcae79cb890f2f2e1825e15e2a428390bce02,org.zakky.memopad.MyDialogFragment,0,0,0
01cfcae79cb890f2f2e1825e15e2a428390bce02,org.zakky.memopad.PadActivity,0,0,0
01cfcae79cb890f2f2e1825e15e2a428390bce02,org.zakky.memopad.PaintView,0,0,0
01cfcae79cb890f2f2e1825e15e2a428390bce02,org.zakky.memopad.PenConfigActionProvider,0,0,0
d56b6e7e484ce384731c8d59dbdab6e2090b1692,org.zakky.smart_tag_app.MediaUtils,0,0,0
d56b6e7e484ce384731c8d59dbdab6e2090b1692,org.zakky.smart_tag_app.SmartTagAppActivity,0,0,0
d56b6e7e484ce384731c8d59dbdab6e2090b1692,org.zakky.smart_tag_app.SmartTagTask,0,0,0
d56b6e7e484ce384731c8d59dbdab6e2090b1692,org.zakky.memopad.BgConfigActionProvider,0,0,0
d56b6e7e484ce384731c8d59dbdab6e2090b1692,org.zakky.memopad.CanvasFragment,0,0,0
d56b6e7e484ce384731c8d59dbdab6e2090b1692,org.zakky.memopad.MyDialogFragment,0,0,0
d56b6e7e484ce384731c8d59dbdab6e2090b1692,org.zakky.memopad.PadActivity,0,0,0
d56b6e7e484ce384731c8d59dbdab6e2090b1692,org.zakky.memopad.PaintView,0,0,0
d56b6e7e484ce384731c8d59dbdab6e2090b1692,org.zakky.memopad.PenConfigActionProvider,0,0,0
027b8b2fef939b5c60cf8d3d3e21960c8f4e4b0c,org.zakky.smart_tag_app.MediaUtils,0,0,0
027b8b2fef939b5c60cf8d3d3e21960c8f4e4b0c,org.zakky.smart_tag_app.SmartTagAppActivity,0,0,0
027b8b2fef939b5c60cf8d3d3e21960c8f4e4b0c,org.zakky.smart_tag_app.SmartTagTask,0,0,0
027b8b2fef939b5c60cf8d3d3e21960c8f4e4b0c,org.zakky.memopad.BgConfigActionProvider,0,0,0
027b8b2fef939b5c60cf8d3d3e21960c8f4e4b0c,org.zakky.memopad.CanvasFragment,0,0,0
027b8b2fef939b5c60cf8d3d3e21960c8f4e4b0c,org.zakky.memopad.MyDialogFragment,0,0,0
027b8b2fef939b5c60cf8d3d3e21960c8f4e4b0c,org.zakky.memopad.PadActivity,0,0,0
027b8b2fef939b5c60cf8d3d3e21960c8f4e4b0c,org.zakky.memopad.PaintView,0,0,0
027b8b2fef939b5c60cf8d3d3e21960c8f4e4b0c,org.zakky.memopad.PenConfigActionProvider,0,0,0
1a5e8395f623b7995212d05ae1c0b697a3e0caea,org.zakky.smart_tag_app.MediaUtils,0,0,0
1a5e8395f623b7995212d05ae1c0b697a3e0caea,org.zakky.smart_tag_app.SmartTagAppActivity,0,0,0
1a5e8395f623b7995212d05ae1c0b697a3e0caea,org.zakky.smart_tag_app.SmartTagTask,0,0,0
1a5e8395f623b7995212d05ae1c0b697a3e0caea,org.zakky.memopad.BgConfigActionProvider,0,0,0
1a5e8395f623b7995212d05ae1c0b697a3e0caea,org.zakky.memopad.CanvasFragment,0,0,0
1a5e8395f623b7995212d05ae1c0b697a3e0caea,org.zakky.memopad.MyDialogFragment,0,0,0
1a5e8395f623b7995212d05ae1c0b697a3e0caea,org.zakky.memopad.PadActivity,0,0,0
1a5e8395f623b7995212d05ae1c0b697a3e0caea,org.zakky.memopad.PaintView,0,0,0
1a5e8395f623b7995212d05ae1c0b697a3e0caea,org.zakky.memopad.PenConfigActionProvider,0,0,0
a7f52105b20325abb80deac34513ff217dfdb935,org.zakky.smart_tag_app.MediaUtils,0,0,0
a7f52105b20325abb80deac34513ff217dfdb935,org.zakky.smart_tag_app.SmartTagAppActivity,0,0,0
a7f52105b20325abb80deac34513ff217dfdb935,org.zakky.smart_tag_app.SmartTagTask,0,0,0
a7f52105b20325abb80deac34513ff217dfdb935,org.zakky.memopad.BgConfigActionProvider,0,0,0
a7f52105b20325abb80deac34513ff217dfdb935,org.zakky.memopad.CanvasFragment,0,0,0
a7f52105b20325abb80deac34513ff217dfdb935,org.zakky.memopad.MyDialogFragment,0,0,0
a7f52105b20325abb80deac34513ff217dfdb935,org.zakky.memopad.PadActivity,0,0,0
a7f52105b20325abb80deac34513ff217dfdb935,org.zakky.memopad.PaintView,0,0,0
a7f52105b20325abb80deac34513ff217dfdb935,org.zakky.memopad.PenConfigActionProvider,0,0,0
6ceb19d6fd6e9009ff0199c3de935803cf5d754a,org.zakky.smart_tag_app.MediaUtils,0,0,0
6ceb19d6fd6e9009ff0199c3de935803cf5d754a,org.zakky.smart_tag_app.SmartTagAppActivity,0,0,0
6ceb19d6fd6e9009ff0199c3de935803cf5d754a,org.zakky.smart_tag_app.SmartTagTask,0,0,0
6ceb19d6fd6e9009ff0199c3de935803cf5d754a,org.zakky.memopad.BgConfigActionProvider,0,0,0
6ceb19d6fd6e9009ff0199c3de935803cf5d754a,org.zakky.memopad.CanvasFragment,0,0,0
6ceb19d6fd6e9009ff0199c3de935803cf5d754a,org.zakky.memopad.MyDialogFragment,0,0,0
6ceb19d6fd6e9009ff0199c3de935803cf5d754a,org.zakky.memopad.PadActivity,0,0,0
6ceb19d6fd6e9009ff0199c3de935803cf5d754a,org.zakky.memopad.PaintView,0,0,0
6ceb19d6fd6e9009ff0199c3de935803cf5d754a,org.zakky.memopad.PenConfigActionProvider,0,0,0
5cc983563152803eb313210a6aa8e84bb39d8bf6,org.zakky.smart_tag_app.MediaUtils,0,0,0
5cc983563152803eb313210a6aa8e84bb39d8bf6,org.zakky.smart_tag_app.SmartTagAppActivity,0,0,0
5cc983563152803eb313210a6aa8e84bb39d8bf6,org.zakky.smart_tag_app.SmartTagTask,0,0,0
5cc983563152803eb313210a6aa8e84bb39d8bf6,org.zakky.memopad.BgConfigActionProvider,0,0,0
5cc983563152803eb313210a6aa8e84bb39d8bf6,org.zakky.memopad.CanvasFragment,0,0,0
5cc983563152803eb313210a6aa8e84bb39d8bf6,org.zakky.memopad.MyDialogFragment,0,0,0
5cc983563152803eb313210a6aa8e84bb39d8bf6,org.zakky.memopad.PadActivity,0,0,0
5cc983563152803eb313210a6aa8e84bb39d8bf6,org.zakky.memopad.PaintView,0,0,0
5cc983563152803eb313210a6aa8e84bb39d8bf6,org.zakky.memopad.PenConfigActionProvider,0,0,0
68b8dc6bb11d11f511206cdb753bd26321017cd0,org.zakky.smart_tag_app.MediaUtils,0,0,0
68b8dc6bb11d11f511206cdb753bd26321017cd0,org.zakky.smart_tag_app.SmartTagAppActivity,0,0,0
68b8dc6bb11d11f511206cdb753bd26321017cd0,org.zakky.smart_tag_app.SmartTagTask,0,0,0
68b8dc6bb11d11f511206cdb753bd26321017cd0,org.zakky.memopad.BgConfigActionProvider,0,0,0
68b8dc6bb11d11f511206cdb753bd26321017cd0,org.zakky.memopad.CanvasFragment,0,0,0
68b8dc6bb11d11f511206cdb753bd26321017cd0,org.zakky.memopad.MyDialogFragment,0,0,0
68b8dc6bb11d11f511206cdb753bd26321017cd0,org.zakky.memopad.PadActivity,0,0,0
68b8dc6bb11d11f511206cdb753bd26321017cd0,org.zakky.memopad.PaintView,0,0,0
68b8dc6bb11d11f511206cdb753bd26321017cd0,org.zakky.memopad.PenConfigActionProvider,0,0,0
9daa6c4bb0cd117b1befef5bc1749ffade774b81,org.zakky.smart_tag_app.MediaUtils,0,0,0
9daa6c4bb0cd117b1befef5bc1749ffade774b81,org.zakky.smart_tag_app.SmartTagAppActivity,0,0,0
9daa6c4bb0cd117b1befef5bc1749ffade774b81,org.zakky.smart_tag_app.SmartTagTask,0,0,0
9daa6c4bb0cd117b1befef5bc1749ffade774b81,org.zakky.memopad.BgConfigActionProvider,0,0,0
9daa6c4bb0cd117b1befef5bc1749ffade774b81,org.zakky.memopad.CanvasFragment,0,0,0
9daa6c4bb0cd117b1befef5bc1749ffade774b81,org.zakky.memopad.MyDialogFragment,0,0,0
9daa6c4bb0cd117b1befef5bc1749ffade774b81,org.zakky.memopad.PadActivity,0,0,0
9daa6c4bb0cd117b1befef5bc1749ffade774b81,org.zakky.memopad.PaintView,0,0,0
9daa6c4bb0cd117b1befef5bc1749ffade774b81,org.zakky.memopad.PenConfigActionProvider,0,0,0
72756b21a95e770e69ceae787a6264d8b024b3cf,org.zakky.smart_tag_app.MediaUtils,0,0,0
72756b21a95e770e69ceae787a6264d8b024b3cf,org.zakky.smart_tag_app.SmartTagAppActivity,0,0,0
72756b21a95e770e69ceae787a6264d8b024b3cf,org.zakky.smart_tag_app.SmartTagTask,0,0,0
72756b21a95e770e69ceae787a6264d8b024b3cf,org.zakky.memopad.BgConfigActionProvider,0,0,0
72756b21a95e770e69ceae787a6264d8b024b3cf,org.zakky.memopad.CanvasFragment,0,0,0
72756b21a95e770e69ceae787a6264d8b024b3cf,org.zakky.memopad.MyDialogFragment,0,0,0
72756b21a95e770e69ceae787a6264d8b024b3cf,org.zakky.memopad.PadActivity,0,0,0
72756b21a95e770e69ceae787a6264d8b024b3cf,org.zakky.memopad.PaintView,0,0,0
72756b21a95e770e69ceae787a6264d8b024b3cf,org.zakky.memopad.PenConfigActionProvider,0,0,0
fe22b986217a0d7639635e340ba243662ce8e7e2,org.zakky.smart_tag_app.MediaUtils,0,0,0
fe22b986217a0d7639635e340ba243662ce8e7e2,org.zakky.smart_tag_app.SmartTagAppActivity,0,0,0
fe22b986217a0d7639635e340ba243662ce8e7e2,org.zakky.smart_tag_app.SmartTagTask,0,0,0
fe22b986217a0d7639635e340ba243662ce8e7e2,org.zakky.memopad.BgConfigActionProvider,0,0,0
fe22b986217a0d7639635e340ba243662ce8e7e2,org.zakky.memopad.CanvasFragment,0,0,0
fe22b986217a0d7639635e340ba243662ce8e7e2,org.zakky.memopad.MyDialogFragment,0,0,0
fe22b986217a0d7639635e340ba243662ce8e7e2,org.zakky.memopad.PadActivity,0,0,0
fe22b986217a0d7639635e340ba243662ce8e7e2,org.zakky.memopad.PaintView,0,0,0
fe22b986217a0d7639635e340ba243662ce8e7e2,org.zakky.memopad.PenConfigActionProvider,0,0,0
8b85a52a4eb40bfcb856d283b09257cca24b1dcd,org.zakky.smart_tag_app.MediaUtils,0,0,0
8b85a52a4eb40bfcb856d283b09257cca24b1dcd,org.zakky.smart_tag_app.SmartTagAppActivity,0,0,0
8b85a52a4eb40bfcb856d283b09257cca24b1dcd,org.zakky.smart_tag_app.SmartTagTask,0,0,0
8b85a52a4eb40bfcb856d283b09257cca24b1dcd,org.zakky.memopad.BgConfigActionProvider,0,0,0
8b85a52a4eb40bfcb856d283b09257cca24b1dcd,org.zakky.memopad.CanvasFragment,0,0,0
8b85a52a4eb40bfcb856d283b09257cca24b1dcd,org.zakky.memopad.MyDialogFragment,0,0,0
8b85a52a4eb40bfcb856d283b09257cca24b1dcd,org.zakky.memopad.PadActivity,0,0,0
8b85a52a4eb40bfcb856d283b09257cca24b1dcd,org.zakky.memopad.PaintView,0,0,0
8b85a52a4eb40bfcb856d283b09257cca24b1dcd,org.zakky.memopad.PenConfigActionProvider,0,0,0
0aaf262fd20aa3397a7c7eeb55e9d0b9294ad7e6,org.zakky.smart_tag_app.MediaUtils,0,0,0
0aaf262fd20aa3397a7c7eeb55e9d0b9294ad7e6,org.zakky.smart_tag_app.SmartTagAppActivity,0,0,0
0aaf262fd20aa3397a7c7eeb55e9d0b9294ad7e6,org.zakky.smart_tag_app.SmartTagTask,0,0,0
0aaf262fd20aa3397a7c7eeb55e9d0b9294ad7e6,org.zakky.memopad.BgConfigActionProvider,0,0,0
0aaf262fd20aa3397a7c7eeb55e9d0b9294ad7e6,org.zakky.memopad.CanvasFragment,0,0,0
0aaf262fd20aa3397a7c7eeb55e9d0b9294ad7e6,org.zakky.memopad.MyDialogFragment,0,0,0
0aaf262fd20aa3397a7c7eeb55e9d0b9294ad7e6,org.zakky.memopad.PadActivity,0,0,0
0aaf262fd20aa3397a7c7eeb55e9d0b9294ad7e6,org.zakky.memopad.PaintView,0,0,0
0aaf262fd20aa3397a7c7eeb55e9d0b9294ad7e6,org.zakky.memopad.PenConfigActionProvider,0,0,0
232e2ad8e7ad138855be9eccdc7dce562bd686d7,org.zakky.smart_tag_app.MediaUtils,0,0,0
232e2ad8e7ad138855be9eccdc7dce562bd686d7,org.zakky.smart_tag_app.SmartTagAppActivity,0,0,0
232e2ad8e7ad138855be9eccdc7dce562bd686d7,org.zakky.smart_tag_app.SmartTagTask,0,0,0
232e2ad8e7ad138855be9eccdc7dce562bd686d7,org.zakky.memopad.BgConfigActionProvider,0,0,0
232e2ad8e7ad138855be9eccdc7dce562bd686d7,org.zakky.memopad.CanvasFragment,0,0,0
232e2ad8e7ad138855be9eccdc7dce562bd686d7,org.zakky.memopad.MyDialogFragment,0,0,0
232e2ad8e7ad138855be9eccdc7dce562bd686d7,org.zakky.memopad.PadActivity,0,0,0
232e2ad8e7ad138855be9eccdc7dce562bd686d7,org.zakky.memopad.PaintView,0,0,0
232e2ad8e7ad138855be9eccdc7dce562bd686d7,org.zakky.memopad.PenConfigActionProvider,0,0,0
f6b47b0f60211dd24785361b8c14dc31850ebf76,org.zakky.smart_tag_app.MediaUtils,0,0,0
f6b47b0f60211dd24785361b8c14dc31850ebf76,org.zakky.smart_tag_app.SmartTagAppActivity,0,0,0
f6b47b0f60211dd24785361b8c14dc31850ebf76,org.zakky.smart_tag_app.SmartTagTask,0,0,0
f6b47b0f60211dd24785361b8c14dc31850ebf76,org.zakky.memopad.BgConfigActionProvider,0,0,0
f6b47b0f60211dd24785361b8c14dc31850ebf76,org.zakky.memopad.CanvasFragment,0,0,0
f6b47b0f60211dd24785361b8c14dc31850ebf76,org.zakky.memopad.MyDialogFragment,0,0,0
f6b47b0f60211dd24785361b8c14dc31850ebf76,org.zakky.memopad.PadActivity,0,0,0
f6b47b0f60211dd24785361b8c14dc31850ebf76,org.zakky.memopad.PaintView,0,0,0
f6b47b0f60211dd24785361b8c14dc31850ebf76,org.zakky.memopad.PenConfigActionProvider,0,0,0
0cf168056ebc6ea96ae6819942ed4b8079c05a3f,org.zakky.smart_tag_app.MediaUtils,0,0,0
0cf168056ebc6ea96ae6819942ed4b8079c05a3f,org.zakky.smart_tag_app.SmartTagAppActivity,0,0,0
0cf168056ebc6ea96ae6819942ed4b8079c05a3f,org.zakky.smart_tag_app.SmartTagTask,0,0,0
0cf168056ebc6ea96ae6819942ed4b8079c05a3f,org.zakky.memopad.BgConfigActionProvider,0,0,0
0cf168056ebc6ea96ae6819942ed4b8079c05a3f,org.zakky.memopad.CanvasFragment,0,0,0
0cf168056ebc6ea96ae6819942ed4b8079c05a3f,org.zakky.memopad.MyDialogFragment,0,0,0
0cf168056ebc6ea96ae6819942ed4b8079c05a3f,org.zakky.memopad.PadActivity,0,0,0
0cf168056ebc6ea96ae6819942ed4b8079c05a3f,org.zakky.memopad.PaintView,0,0,0
0cf168056ebc6ea96ae6819942ed4b8079c05a3f,org.zakky.memopad.PenConfigActionProvider,0,0,0
53bd0a5edaf1f177fb300cee3b838284af541944,org.zakky.smart_tag_app.MediaUtils,0,0,0
53bd0a5edaf1f177fb300cee3b838284af541944,org.zakky.smart_tag_app.SmartTagAppActivity,0,0,0
53bd0a5edaf1f177fb300cee3b838284af541944,org.zakky.smart_tag_app.SmartTagTask,0,0,0
53bd0a5edaf1f177fb300cee3b838284af541944,org.zakky.memopad.BgConfigActionProvider,0,0,0
53bd0a5edaf1f177fb300cee3b838284af541944,org.zakky.memopad.CanvasFragment,0,0,0
53bd0a5edaf1f177fb300cee3b838284af541944,org.zakky.memopad.MyDialogFragment,0,0,0
53bd0a5edaf1f177fb300cee3b838284af541944,org.zakky.memopad.PadActivity,0,0,0
53bd0a5edaf1f177fb300cee3b838284af541944,org.zakky.memopad.PaintView,0,0,0
53bd0a5edaf1f177fb300cee3b838284af541944,org.zakky.memopad.PenConfigActionProvider,0,0,0
4dca3f68764d8ef61aa341959208b49b64ff906e,org.zakky.smart_tag_app.MediaUtils,0,0,0
4dca3f68764d8ef61aa341959208b49b64ff906e,org.zakky.smart_tag_app.SmartTagAppActivity,0,0,0
4dca3f68764d8ef61aa341959208b49b64ff906e,org.zakky.smart_tag_app.SmartTagTask,0,0,0
4dca3f68764d8ef61aa341959208b49b64ff906e,org.zakky.memopad.BgConfigActionProvider,0,0,0
4dca3f68764d8ef61aa341959208b49b64ff906e,org.zakky.memopad.CanvasFragment,0,0,0
4dca3f68764d8ef61aa341959208b49b64ff906e,org.zakky.memopad.MyDialogFragment,0,0,0
4dca3f68764d8ef61aa341959208b49b64ff906e,org.zakky.memopad.PadActivity,0,0,0
4dca3f68764d8ef61aa341959208b49b64ff906e,org.zakky.memopad.PaintView,0,0,0
4dca3f68764d8ef61aa341959208b49b64ff906e,org.zakky.memopad.PenConfigActionProvider,0,0,0
87973262bffb5a934e4dd0ae5296e843a4d6d855,org.zakky.smart_tag_app.MediaUtils,0,0,0
87973262bffb5a934e4dd0ae5296e843a4d6d855,org.zakky.smart_tag_app.SmartTagAppActivity,0,0,0
87973262bffb5a934e4dd0ae5296e843a4d6d855,org.zakky.smart_tag_app.SmartTagTask,0,0,0
87973262bffb5a934e4dd0ae5296e843a4d6d855,org.zakky.memopad.BgConfigActionProvider,0,0,0
87973262bffb5a934e4dd0ae5296e843a4d6d855,org.zakky.memopad.CanvasFragment,0,0,0
87973262bffb5a934e4dd0ae5296e843a4d6d855,org.zakky.memopad.MyDialogFragment,0,0,0
87973262bffb5a934e4dd0ae5296e843a4d6d855,org.zakky.memopad.PadActivity,0,0,0
87973262bffb5a934e4dd0ae5296e843a4d6d855,org.zakky.memopad.PaintView,0,0,0
87973262bffb5a934e4dd0ae5296e843a4d6d855,org.zakky.memopad.PenConfigActionProvider,0,0,0
09bdebf586ca9d19439609198c3949ccc9696733,org.zakky.smart_tag_app.MediaUtils,0,0,0
09bdebf586ca9d19439609198c3949ccc9696733,org.zakky.smart_tag_app.SmartTagAppActivity,0,0,0
09bdebf586ca9d19439609198c3949ccc9696733,org.zakky.smart_tag_app.SmartTagTask,0,0,0
09bdebf586ca9d19439609198c3949ccc9696733,org.zakky.memopad.BgConfigActionProvider,0,0,0
09bdebf586ca9d19439609198c3949ccc9696733,org.zakky.memopad.CanvasFragment,0,0,0
09bdebf586ca9d19439609198c3949ccc9696733,org.zakky.memopad.MyDialogFragment,0,0,0
09bdebf586ca9d19439609198c3949ccc9696733,org.zakky.memopad.PadActivity,0,0,0
09bdebf586ca9d19439609198c3949ccc9696733,org.zakky.memopad.PaintView,0,0,0
09bdebf586ca9d19439609198c3949ccc9696733,org.zakky.memopad.PenConfigActionProvider,0,0,0
30a09e956d9fb66c2da3ae9b1bbcdba2307e4d44,org.zakky.smart_tag_app.MediaUtils,0,0,0
30a09e956d9fb66c2da3ae9b1bbcdba2307e4d44,org.zakky.smart_tag_app.SmartTagAppActivity,0,0,0
30a09e956d9fb66c2da3ae9b1bbcdba2307e4d44,org.zakky.smart_tag_app.SmartTagTask,0,0,0
30a09e956d9fb66c2da3ae9b1bbcdba2307e4d44,org.zakky.memopad.BgConfigActionProvider,0,0,0
30a09e956d9fb66c2da3ae9b1bbcdba2307e4d44,org.zakky.memopad.CanvasFragment,0,0,0
30a09e956d9fb66c2da3ae9b1bbcdba2307e4d44,org.zakky.memopad.MyDialogFragment,0,0,0
30a09e956d9fb66c2da3ae9b1bbcdba2307e4d44,org.zakky.memopad.PadActivity,0,0,0
30a09e956d9fb66c2da3ae9b1bbcdba2307e4d44,org.zakky.memopad.PaintView,0,0,0
30a09e956d9fb66c2da3ae9b1bbcdba2307e4d44,org.zakky.memopad.PenConfigActionProvider,0,0,0
2fb61edcf99f0df1630d4c00fa1347aca680164d,org.zakky.smart_tag_app.MediaUtils,0,0,0
2fb61edcf99f0df1630d4c00fa1347aca680164d,org.zakky.smart_tag_app.SmartTagAppActivity,0,0,0
2fb61edcf99f0df1630d4c00fa1347aca680164d,org.zakky.smart_tag_app.SmartTagTask,0,0,0
2fb61edcf99f0df1630d4c00fa1347aca680164d,org.zakky.memopad.BgConfigActionProvider,0,0,0
2fb61edcf99f0df1630d4c00fa1347aca680164d,org.zakky.memopad.CanvasFragment,0,0,0
2fb61edcf99f0df1630d4c00fa1347aca680164d,org.zakky.memopad.MyDialogFragment,0,0,0
2fb61edcf99f0df1630d4c00fa1347aca680164d,org.zakky.memopad.PadActivity,0,0,0
2fb61edcf99f0df1630d4c00fa1347aca680164d,org.zakky.memopad.PaintView,0,0,0
2fb61edcf99f0df1630d4c00fa1347aca680164d,org.zakky.memopad.PenConfigActionProvider,0,0,0
e689589b23dc9bfab8cc2032ef31e4a60de3c512,org.zakky.smart_tag_app.MediaUtils,0,0,0
e689589b23dc9bfab8cc2032ef31e4a60de3c512,org.zakky.smart_tag_app.SmartTagAppActivity,0,0,0
e689589b23dc9bfab8cc2032ef31e4a60de3c512,org.zakky.smart_tag_app.SmartTagTask,0,0,0
e689589b23dc9bfab8cc2032ef31e4a60de3c512,org.zakky.memopad.BgConfigActionProvider,0,0,0
e689589b23dc9bfab8cc2032ef31e4a60de3c512,org.zakky.memopad.CanvasFragment,0,0,0
e689589b23dc9bfab8cc2032ef31e4a60de3c512,org.zakky.memopad.MyDialogFragment,0,0,0
e689589b23dc9bfab8cc2032ef31e4a60de3c512,org.zakky.memopad.PadActivity,0,0,0
e689589b23dc9bfab8cc2032ef31e4a60de3c512,org.zakky.memopad.PaintView,0,0,0
e689589b23dc9bfab8cc2032ef31e4a60de3c512,org.zakky.memopad.PenConfigActionProvider,0,0,0
188fce93d4fcd4f5337f65fa0c790b723ae672dc,org.zakky.smart_tag_app.MediaUtils,0,0,0
188fce93d4fcd4f5337f65fa0c790b723ae672dc,org.zakky.smart_tag_app.SmartTagAppActivity,0,0,0
188fce93d4fcd4f5337f65fa0c790b723ae672dc,org.zakky.smart_tag_app.SmartTagTask,0,0,0
188fce93d4fcd4f5337f65fa0c790b723ae672dc,org.zakky.memopad.BgConfigActionProvider,0,0,0
188fce93d4fcd4f5337f65fa0c790b723ae672dc,org.zakky.memopad.CanvasFragment,0,0,0
188fce93d4fcd4f5337f65fa0c790b723ae672dc,org.zakky.memopad.MyDialogFragment,0,0,0
188fce93d4fcd4f5337f65fa0c790b723ae672dc,org.zakky.memopad.PadActivity,0,0,0
188fce93d4fcd4f5337f65fa0c790b723ae672dc,org.zakky.memopad.PaintView,0,0,0
188fce93d4fcd4f5337f65fa0c790b723ae672dc,org.zakky.memopad.PenConfigActionProvider,0,0,0
603be282f805aee5ed6bf7a6f87fcb38e453db7a,org.zakky.smart_tag_app.MediaUtils,0,0,0
603be282f805aee5ed6bf7a6f87fcb38e453db7a,org.zakky.smart_tag_app.SmartTagAppActivity,0,0,0
603be282f805aee5ed6bf7a6f87fcb38e453db7a,org.zakky.smart_tag_app.SmartTagTask,0,0,0
603be282f805aee5ed6bf7a6f87fcb38e453db7a,org.zakky.memopad.BgConfigActionProvider,0,0,0
603be282f805aee5ed6bf7a6f87fcb38e453db7a,org.zakky.memopad.CanvasFragment,0,0,0
603be282f805aee5ed6bf7a6f87fcb38e453db7a,org.zakky.memopad.MyDialogFragment,0,0,0
603be282f805aee5ed6bf7a6f87fcb38e453db7a,org.zakky.memopad.PadActivity,0,0,0
603be282f805aee5ed6bf7a6f87fcb38e453db7a,org.zakky.memopad.PaintView,0,0,0
603be282f805aee5ed6bf7a6f87fcb38e453db7a,org.zakky.memopad.PenConfigActionProvider,0,0,0
8279292376a7fc4539505accb9f980a79ca153dd,org.zakky.smart_tag_app.MediaUtils,0,0,0
8279292376a7fc4539505accb9f980a79ca153dd,org.zakky.smart_tag_app.SmartTagAppActivity,0,0,0
8279292376a7fc4539505accb9f980a79ca153dd,org.zakky.smart_tag_app.SmartTagTask,0,0,0
8279292376a7fc4539505accb9f980a79ca153dd,org.zakky.memopad.BgConfigActionProvider,0,0,0
8279292376a7fc4539505accb9f980a79ca153dd,org.zakky.memopad.CanvasFragment,0,0,0
8279292376a7fc4539505accb9f980a79ca153dd,org.zakky.memopad.MyDialogFragment,0,0,0
8279292376a7fc4539505accb9f980a79ca153dd,org.zakky.memopad.PadActivity,0,0,0
8279292376a7fc4539505accb9f980a79ca153dd,org.zakky.memopad.PaintView,0,0,0
8279292376a7fc4539505accb9f980a79ca153dd,org.zakky.memopad.PenConfigActionProvider,0,0,0
25b73c6e41f6837f4bc0d3690c9fc6bb7a62b4a6,org.zakky.smart_tag_app.MediaUtils,0,0,0
25b73c6e41f6837f4bc0d3690c9fc6bb7a62b4a6,org.zakky.smart_tag_app.SmartTagAppActivity,0,0,0
25b73c6e41f6837f4bc0d3690c9fc6bb7a62b4a6,org.zakky.smart_tag_app.SmartTagTask,0,0,0
25b73c6e41f6837f4bc0d3690c9fc6bb7a62b4a6,org.zakky.memopad.BgConfigActionProvider,0,0,0
25b73c6e41f6837f4bc0d3690c9fc6bb7a62b4a6,org.zakky.memopad.CanvasFragment,0,0,0
25b73c6e41f6837f4bc0d3690c9fc6bb7a62b4a6,org.zakky.memopad.MyDialogFragment,0,0,0
25b73c6e41f6837f4bc0d3690c9fc6bb7a62b4a6,org.zakky.memopad.PadActivity,0,0,0
25b73c6e41f6837f4bc0d3690c9fc6bb7a62b4a6,org.zakky.memopad.PaintView,0,0,0
25b73c6e41f6837f4bc0d3690c9fc6bb7a62b4a6,org.zakky.memopad.PenConfigActionProvider,0,0,0
28cf22c69d08c485f8a7204ce63f4d6f6bf0c02e,org.zakky.smart_tag_app.MediaUtils,0,0,0
28cf22c69d08c485f8a7204ce63f4d6f6bf0c02e,org.zakky.smart_tag_app.SmartTagAppActivity,0,0,0
28cf22c69d08c485f8a7204ce63f4d6f6bf0c02e,org.zakky.smart_tag_app.SmartTagTask,0,0,0
28cf22c69d08c485f8a7204ce63f4d6f6bf0c02e,org.zakky.memopad.BgConfigActionProvider,0,0,0
28cf22c69d08c485f8a7204ce63f4d6f6bf0c02e,org.zakky.memopad.CanvasFragment,0,0,0
28cf22c69d08c485f8a7204ce63f4d6f6bf0c02e,org.zakky.memopad.MyDialogFragment,0,0,0
28cf22c69d08c485f8a7204ce63f4d6f6bf0c02e,org.zakky.memopad.PadActivity,0,0,0
28cf22c69d08c485f8a7204ce63f4d6f6bf0c02e,org.zakky.memopad.PaintView,0,0,0
28cf22c69d08c485f8a7204ce63f4d6f6bf0c02e,org.zakky.memopad.PenConfigActionProvider,0,0,0
c47e5892d9c14e3d681e3741df8d6d873802a40b,org.zakky.smart_tag_app.MediaUtils,0,0,0
c47e5892d9c14e3d681e3741df8d6d873802a40b,org.zakky.smart_tag_app.SmartTagAppActivity,0,0,0
c47e5892d9c14e3d681e3741df8d6d873802a40b,org.zakky.smart_tag_app.SmartTagTask,0,0,0
c47e5892d9c14e3d681e3741df8d6d873802a40b,org.zakky.memopad.BgConfigActionProvider,0,0,0
c47e5892d9c14e3d681e3741df8d6d873802a40b,org.zakky.memopad.CanvasFragment,0,0,0
c47e5892d9c14e3d681e3741df8d6d873802a40b,org.zakky.memopad.MyDialogFragment,0,0,0
c47e5892d9c14e3d681e3741df8d6d873802a40b,org.zakky.memopad.PadActivity,0,0,0
c47e5892d9c14e3d681e3741df8d6d873802a40b,org.zakky.memopad.PaintView,0,0,0
c47e5892d9c14e3d681e3741df8d6d873802a40b,org.zakky.memopad.PenConfigActionProvider,0,0,0
cdafb7ef27f43c3794af61a822426d235dd90bcb,org.zakky.smart_tag_app.MediaUtils,0,0,0
cdafb7ef27f43c3794af61a822426d235dd90bcb,org.zakky.smart_tag_app.SmartTagAppActivity,0,0,0
cdafb7ef27f43c3794af61a822426d235dd90bcb,org.zakky.smart_tag_app.SmartTagTask,0,0,0
cdafb7ef27f43c3794af61a822426d235dd90bcb,org.zakky.memopad.BgConfigActionProvider,0,0,0
cdafb7ef27f43c3794af61a822426d235dd90bcb,org.zakky.memopad.CanvasFragment,0,0,0
cdafb7ef27f43c3794af61a822426d235dd90bcb,org.zakky.memopad.MyDialogFragment,0,0,0
cdafb7ef27f43c3794af61a822426d235dd90bcb,org.zakky.memopad.PadActivity,0,0,0
cdafb7ef27f43c3794af61a822426d235dd90bcb,org.zakky.memopad.PaintView,0,0,0
cdafb7ef27f43c3794af61a822426d235dd90bcb,org.zakky.memopad.PenConfigActionProvider,0,0,0
c69be807536f877c1f14bc764e5a96c003c0d827,org.zakky.smart_tag_app.MediaUtils,0,0,0
c69be807536f877c1f14bc764e5a96c003c0d827,org.zakky.smart_tag_app.SmartTagAppActivity,0,0,0
c69be807536f877c1f14bc764e5a96c003c0d827,org.zakky.smart_tag_app.SmartTagTask,0,0,0
c69be807536f877c1f14bc764e5a96c003c0d827,org.zakky.memopad.BgConfigActionProvider,0,0,0
c69be807536f877c1f14bc764e5a96c003c0d827,org.zakky.memopad.CanvasFragment,0,0,0
c69be807536f877c1f14bc764e5a96c003c0d827,org.zakky.memopad.MyDialogFragment,0,0,0
c69be807536f877c1f14bc764e5a96c003c0d827,org.zakky.memopad.PadActivity,0,0,0
c69be807536f877c1f14bc764e5a96c003c0d827,org.zakky.memopad.PaintView,0,0,0
c69be807536f877c1f14bc764e5a96c003c0d827,org.zakky.memopad.PenConfigActionProvider,0,0,0
95405dfbb11f78a98419f3746ec4746c137a2612,org.zakky.smart_tag_app.MediaUtils,0,0,0
95405dfbb11f78a98419f3746ec4746c137a2612,org.zakky.smart_tag_app.SmartTagAppActivity,0,0,0
95405dfbb11f78a98419f3746ec4746c137a2612,org.zakky.smart_tag_app.SmartTagTask,0,0,0
95405dfbb11f78a98419f3746ec4746c137a2612,org.zakky.memopad.BgConfigActionProvider,0,0,0
95405dfbb11f78a98419f3746ec4746c137a2612,org.zakky.memopad.CanvasFragment,0,0,0
95405dfbb11f78a98419f3746ec4746c137a2612,org.zakky.memopad.MyDialogFragment,0,0,0
95405dfbb11f78a98419f3746ec4746c137a2612,org.zakky.memopad.PadActivity,0,0,0
95405dfbb11f78a98419f3746ec4746c137a2612,org.zakky.memopad.PaintView,0,0,0
95405dfbb11f78a98419f3746ec4746c137a2612,org.zakky.memopad.PenConfigActionProvider,0,0,0
349c843c63abd19cf78ce3f299364ce74d177437,org.zakky.smart_tag_app.MediaUtils,0,0,0
349c843c63abd19cf78ce3f299364ce74d177437,org.zakky.smart_tag_app.SmartTagAppActivity,0,0,0
349c843c63abd19cf78ce3f299364ce74d177437,org.zakky.smart_tag_app.SmartTagTask,0,0,0
349c843c63abd19cf78ce3f299364ce74d177437,org.zakky.memopad.BgConfigActionProvider,0,0,0
349c843c63abd19cf78ce3f299364ce74d177437,org.zakky.memopad.CanvasFragment,0,0,0
349c843c63abd19cf78ce3f299364ce74d177437,org.zakky.memopad.MyDialogFragment,0,0,0
349c843c63abd19cf78ce3f299364ce74d177437,org.zakky.memopad.PadActivity,0,0,0
349c843c63abd19cf78ce3f299364ce74d177437,org.zakky.memopad.PaintView,0,0,0
349c843c63abd19cf78ce3f299364ce74d177437,org.zakky.memopad.PenConfigActionProvider,0,0,0
6288143bd8f9bf300da98f4f8666f4d1981ca723,org.zakky.smart_tag_app.MediaUtils,0,0,0
6288143bd8f9bf300da98f4f8666f4d1981ca723,org.zakky.smart_tag_app.SmartTagAppActivity,0,0,0
6288143bd8f9bf300da98f4f8666f4d1981ca723,org.zakky.smart_tag_app.SmartTagTask,0,0,0
6288143bd8f9bf300da98f4f8666f4d1981ca723,org.zakky.memopad.BgConfigActionProvider,0,0,0
6288143bd8f9bf300da98f4f8666f4d1981ca723,org.zakky.memopad.CanvasFragment,0,0,0
6288143bd8f9bf300da98f4f8666f4d1981ca723,org.zakky.memopad.MyDialogFragment,0,0,0
6288143bd8f9bf300da98f4f8666f4d1981ca723,org.zakky.memopad.PadActivity,0,0,0
6288143bd8f9bf300da98f4f8666f4d1981ca723,org.zakky.memopad.PaintView,0,0,0
6288143bd8f9bf300da98f4f8666f4d1981ca723,org.zakky.memopad.PenConfigActionProvider,0,0,0
6401dc482293f77fdc53c910effebc45c3c3b47f,org.zakky.smart_tag_app.MediaUtils,0,0,0
6401dc482293f77fdc53c910effebc45c3c3b47f,org.zakky.smart_tag_app.SmartTagAppActivity,0,0,0
6401dc482293f77fdc53c910effebc45c3c3b47f,org.zakky.smart_tag_app.SmartTagTask,0,0,0
6401dc482293f77fdc53c910effebc45c3c3b47f,org.zakky.memopad.BgConfigActionProvider,0,0,0
6401dc482293f77fdc53c910effebc45c3c3b47f,org.zakky.memopad.CanvasFragment,0,0,0
6401dc482293f77fdc53c910effebc45c3c3b47f,org.zakky.memopad.MyDialogFragment,0,0,0
6401dc482293f77fdc53c910effebc45c3c3b47f,org.zakky.memopad.PadActivity,0,0,0
6401dc482293f77fdc53c910effebc45c3c3b47f,org.zakky.memopad.PaintView,0,0,0
6401dc482293f77fdc53c910effebc45c3c3b47f,org.zakky.memopad.PenConfigActionProvider,0,0,0
e31d914a0c2ac0703386a08ff4577a816730677f,org.zakky.smart_tag_app.MediaUtils,0,0,0
e31d914a0c2ac0703386a08ff4577a816730677f,org.zakky.smart_tag_app.SmartTagAppActivity,0,0,0
e31d914a0c2ac0703386a08ff4577a816730677f,org.zakky.smart_tag_app.SmartTagTask,0,0,0
e31d914a0c2ac0703386a08ff4577a816730677f,org.zakky.memopad.BgConfigActionProvider,0,0,0
e31d914a0c2ac0703386a08ff4577a816730677f,org.zakky.memopad.CanvasFragment,0,0,0
e31d914a0c2ac0703386a08ff4577a816730677f,org.zakky.memopad.MyDialogFragment,0,0,0
e31d914a0c2ac0703386a08ff4577a816730677f,org.zakky.memopad.PadActivity,0,0,0
e31d914a0c2ac0703386a08ff4577a816730677f,org.zakky.memopad.PaintView,0,0,0
e31d914a0c2ac0703386a08ff4577a816730677f,org.zakky.memopad.PenConfigActionProvider,0,0,0
3303f1bf9752a195320c3a2f8481ba9937658ce0,org.zakky.smart_tag_app.MediaUtils,0,0,0
3303f1bf9752a195320c3a2f8481ba9937658ce0,org.zakky.smart_tag_app.SmartTagAppActivity,0,0,0
3303f1bf9752a195320c3a2f8481ba9937658ce0,org.zakky.smart_tag_app.SmartTagTask,0,0,0
3303f1bf9752a195320c3a2f8481ba9937658ce0,org.zakky.memopad.BgConfigActionProvider,0,0,0
3303f1bf9752a195320c3a2f8481ba9937658ce0,org.zakky.memopad.CanvasFragment,0,0,0
3303f1bf9752a195320c3a2f8481ba9937658ce0,org.zakky.memopad.MyDialogFragment,0,0,0
3303f1bf9752a195320c3a2f8481ba9937658ce0,org.zakky.memopad.PadActivity,0,0,0
3303f1bf9752a195320c3a2f8481ba9937658ce0,org.zakky.memopad.PaintView,0,0,0
3303f1bf9752a195320c3a2f8481ba9937658ce0,org.zakky.memopad.PenConfigActionProvider,0,0,0
149febabc5531ead481d036af4e6797e871d3188,org.zakky.smart_tag_app.MediaUtils,0,0,0
149febabc5531ead481d036af4e6797e871d3188,org.zakky.smart_tag_app.SmartTagAppActivity,0,0,0
149febabc5531ead481d036af4e6797e871d3188,org.zakky.smart_tag_app.SmartTagTask,0,0,0
149febabc5531ead481d036af4e6797e871d3188,org.zakky.memopad.BgConfigActionProvider,0,0,0
149febabc5531ead481d036af4e6797e871d3188,org.zakky.memopad.CanvasFragment,0,0,0
149febabc5531ead481d036af4e6797e871d3188,org.zakky.memopad.MyDialogFragment,0,0,0
149febabc5531ead481d036af4e6797e871d3188,org.zakky.memopad.PadActivity,0,0,0
149febabc5531ead481d036af4e6797e871d3188,org.zakky.memopad.PaintView,0,0,0
149febabc5531ead481d036af4e6797e871d3188,org.zakky.memopad.PenConfigActionProvider,0,0,0
ad748831aaf7fa8eb52347ff732ade9326e3789a,org.zakky.smart_tag_app.MediaUtils,0,0,0
ad748831aaf7fa8eb52347ff732ade9326e3789a,org.zakky.smart_tag_app.SmartTagAppActivity,0,0,0
ad748831aaf7fa8eb52347ff732ade9326e3789a,org.zakky.smart_tag_app.SmartTagTask,0,0,0
ad748831aaf7fa8eb52347ff732ade9326e3789a,org.zakky.memopad.BgConfigActionProvider,0,0,0
ad748831aaf7fa8eb52347ff732ade9326e3789a,org.zakky.memopad.CanvasFragment,0,0,0
ad748831aaf7fa8eb52347ff732ade9326e3789a,org.zakky.memopad.MyDialogFragment,0,0,0
ad748831aaf7fa8eb52347ff732ade9326e3789a,org.zakky.memopad.PadActivity,0,0,0
ad748831aaf7fa8eb52347ff732ade9326e3789a,org.zakky.memopad.PaintView,0,0,0
ad748831aaf7fa8eb52347ff732ade9326e3789a,org.zakky.memopad.PenConfigActionProvider,0,0,0
5ac81515e8f294b8ac3225b8db48468853aa7061,org.zakky.smart_tag_app.MediaUtils,0,0,0
5ac81515e8f294b8ac3225b8db48468853aa7061,org.zakky.smart_tag_app.SmartTagAppActivity,0,0,0
5ac81515e8f294b8ac3225b8db48468853aa7061,org.zakky.smart_tag_app.SmartTagTask,0,0,0
5ac81515e8f294b8ac3225b8db48468853aa7061,org.zakky.memopad.BgConfigActionProvider,0,0,0
5ac81515e8f294b8ac3225b8db48468853aa7061,org.zakky.memopad.CanvasFragment,0,0,0
5ac81515e8f294b8ac3225b8db48468853aa7061,org.zakky.memopad.MyDialogFragment,0,0,0
5ac81515e8f294b8ac3225b8db48468853aa7061,org.zakky.memopad.PadActivity,0,0,0
5ac81515e8f294b8ac3225b8db48468853aa7061,org.zakky.memopad.PaintView,0,0,0
5ac81515e8f294b8ac3225b8db48468853aa7061,org.zakky.memopad.PenConfigActionProvider,0,0,0
0dfaba7e2fad82870c926a9d1fdd4e6dd4c959da,org.zakky.smart_tag_app.MediaUtils,0,0,0
0dfaba7e2fad82870c926a9d1fdd4e6dd4c959da,org.zakky.smart_tag_app.SmartTagAppActivity,0,0,0
0dfaba7e2fad82870c926a9d1fdd4e6dd4c959da,org.zakky.smart_tag_app.SmartTagTask,0,0,0
0dfaba7e2fad82870c926a9d1fdd4e6dd4c959da,org.zakky.memopad.BgConfigActionProvider,0,0,0
0dfaba7e2fad82870c926a9d1fdd4e6dd4c959da,org.zakky.memopad.CanvasFragment,0,0,0
0dfaba7e2fad82870c926a9d1fdd4e6dd4c959da,org.zakky.memopad.MyDialogFragment,0,0,0
0dfaba7e2fad82870c926a9d1fdd4e6dd4c959da,org.zakky.memopad.PadActivity,0,0,0
0dfaba7e2fad82870c926a9d1fdd4e6dd4c959da,org.zakky.memopad.PaintView,0,0,0
0dfaba7e2fad82870c926a9d1fdd4e6dd4c959da,org.zakky.memopad.PenConfigActionProvider,0,0,0
08d478f9480c367153a4b04649ca9bf5746d7dff,org.zakky.smart_tag_app.MediaUtils,0,0,0
08d478f9480c367153a4b04649ca9bf5746d7dff,org.zakky.smart_tag_app.SmartTagAppActivity,0,0,0
08d478f9480c367153a4b04649ca9bf5746d7dff,org.zakky.smart_tag_app.SmartTagTask,0,0,0
08d478f9480c367153a4b04649ca9bf5746d7dff,org.zakky.memopad.BgConfigActionProvider,0,0,0
08d478f9480c367153a4b04649ca9bf5746d7dff,org.zakky.memopad.CanvasFragment,0,0,0
08d478f9480c367153a4b04649ca9bf5746d7dff,org.zakky.memopad.MyDialogFragment,0,0,0
08d478f9480c367153a4b04649ca9bf5746d7dff,org.zakky.memopad.PadActivity,0,0,0
08d478f9480c367153a4b04649ca9bf5746d7dff,org.zakky.memopad.PaintView,0,0,0
08d478f9480c367153a4b04649ca9bf5746d7dff,org.zakky.memopad.PenConfigActionProvider,0,0,0
38fb5cc44c147140802452ca7116960ab239fa70,org.zakky.smart_tag_app.MediaUtils,0,0,0
38fb5cc44c147140802452ca7116960ab239fa70,org.zakky.smart_tag_app.SmartTagAppActivity,0,0,0
38fb5cc44c147140802452ca7116960ab239fa70,org.zakky.smart_tag_app.SmartTagTask,0,0,0
38fb5cc44c147140802452ca7116960ab239fa70,org.zakky.memopad.BgConfigActionProvider,0,0,0
38fb5cc44c147140802452ca7116960ab239fa70,org.zakky.memopad.CanvasFragment,0,0,0
38fb5cc44c147140802452ca7116960ab239fa70,org.zakky.memopad.MyDialogFragment,0,0,0
38fb5cc44c147140802452ca7116960ab239fa70,org.zakky.memopad.PadActivity,0,0,0
38fb5cc44c147140802452ca7116960ab239fa70,org.zakky.memopad.PaintView,0,0,0
38fb5cc44c147140802452ca7116960ab239fa70,org.zakky.memopad.PenConfigActionProvider,0,0,0
3290a8d4a5b6896556b40bf1ad9119b71014b2d1,org.zakky.smart_tag_app.MediaUtils,0,0,0
3290a8d4a5b6896556b40bf1ad9119b71014b2d1,org.zakky.smart_tag_app.SmartTagAppActivity,0,0,0
3290a8d4a5b6896556b40bf1ad9119b71014b2d1,org.zakky.smart_tag_app.SmartTagTask,0,0,0
3290a8d4a5b6896556b40bf1ad9119b71014b2d1,org.zakky.memopad.BgConfigActionProvider,0,0,0
3290a8d4a5b6896556b40bf1ad9119b71014b2d1,org.zakky.memopad.CanvasFragment,0,0,0
3290a8d4a5b6896556b40bf1ad9119b71014b2d1,org.zakky.memopad.MyDialogFragment,0,0,0
3290a8d4a5b6896556b40bf1ad9119b71014b2d1,org.zakky.memopad.PadActivity,0,0,0
3290a8d4a5b6896556b40bf1ad9119b71014b2d1,org.zakky.memopad.PaintView,0,0,0
3290a8d4a5b6896556b40bf1ad9119b71014b2d1,org.zakky.memopad.PenConfigActionProvider,0,0,0
