Commit Hash,ClassQualifiedName,LOC,LCOM,CBO,WMC
04c5745e5fda5ec3b802efff120cbd462e5ff6c5,org.zakky.smart_tag_app.MediaUtils,91,10,10,15
04c5745e5fda5ec3b802efff120cbd462e5ff6c5,org.zakky.smart_tag_app.SmartTagAppActivity,121,0,18,16
04c5745e5fda5ec3b802efff120cbd462e5ff6c5,org.zakky.smart_tag_app.SmartTagTask,35,4,5,8
04c5745e5fda5ec3b802efff120cbd462e5ff6c5,org.zakky.memopad.BgConfigActionProvider,112,0,7,26
04c5745e5fda5ec3b802efff120cbd462e5ff6c5,org.zakky.memopad.CanvasFragment,117,56,8,25
04c5745e5fda5ec3b802efff120cbd462e5ff6c5,org.zakky.memopad.MyDialogFragment,35,0,9,6
04c5745e5fda5ec3b802efff120cbd462e5ff6c5,org.zakky.memopad.PadActivity,179,100,15,29
04c5745e5fda5ec3b802efff120cbd462e5ff6c5,org.zakky.memopad.PaintView,265,137,26,48
04c5745e5fda5ec3b802efff120cbd462e5ff6c5,org.zakky.memopad.PenConfigActionProvider,131,0,9,32
e47c41902746e54611cdda6f102bc77d9747879e,org.zakky.smart_tag_app.MediaUtils,91,10,10,15
e47c41902746e54611cdda6f102bc77d9747879e,org.zakky.smart_tag_app.SmartTagAppActivity,121,0,18,16
e47c41902746e54611cdda6f102bc77d9747879e,org.zakky.smart_tag_app.SmartTagTask,35,4,5,8
e47c41902746e54611cdda6f102bc77d9747879e,org.zakky.memopad.BgConfigActionProvider,112,0,7,26
e47c41902746e54611cdda6f102bc77d9747879e,org.zakky.memopad.CanvasFragment,117,56,8,25
e47c41902746e54611cdda6f102bc77d9747879e,org.zakky.memopad.MyDialogFragment,35,0,9,6
e47c41902746e54611cdda6f102bc77d9747879e,org.zakky.memopad.PadActivity,179,100,15,29
e47c41902746e54611cdda6f102bc77d9747879e,org.zakky.memopad.PaintView,265,137,26,48
e47c41902746e54611cdda6f102bc77d9747879e,org.zakky.memopad.PenConfigActionProvider,131,0,9,32
b557225d6b1c1aa068ba6891ca84224fedc99f3e,org.zakky.smart_tag_app.MediaUtils,91,10,10,15
b557225d6b1c1aa068ba6891ca84224fedc99f3e,org.zakky.smart_tag_app.SmartTagAppActivity,121,0,18,16
b557225d6b1c1aa068ba6891ca84224fedc99f3e,org.zakky.smart_tag_app.SmartTagTask,35,4,5,8
b557225d6b1c1aa068ba6891ca84224fedc99f3e,org.zakky.memopad.BgConfigActionProvider,112,0,7,26
b557225d6b1c1aa068ba6891ca84224fedc99f3e,org.zakky.memopad.CanvasFragment,117,56,8,25
b557225d6b1c1aa068ba6891ca84224fedc99f3e,org.zakky.memopad.MyDialogFragment,35,0,9,6
b557225d6b1c1aa068ba6891ca84224fedc99f3e,org.zakky.memopad.PadActivity,179,100,15,29
b557225d6b1c1aa068ba6891ca84224fedc99f3e,org.zakky.memopad.PaintView,265,137,26,48
b557225d6b1c1aa068ba6891ca84224fedc99f3e,org.zakky.memopad.PenConfigActionProvider,131,0,9,32
f1c642c832811a3fc3211744ad8943a72be4ad4a,org.zakky.smart_tag_app.MediaUtils,91,10,10,15
f1c642c832811a3fc3211744ad8943a72be4ad4a,org.zakky.smart_tag_app.SmartTagAppActivity,121,0,18,16
f1c642c832811a3fc3211744ad8943a72be4ad4a,org.zakky.smart_tag_app.SmartTagTask,35,4,5,8
f1c642c832811a3fc3211744ad8943a72be4ad4a,org.zakky.memopad.BgConfigActionProvider,112,0,7,26
f1c642c832811a3fc3211744ad8943a72be4ad4a,org.zakky.memopad.CanvasFragment,117,56,8,25
f1c642c832811a3fc3211744ad8943a72be4ad4a,org.zakky.memopad.MyDialogFragment,35,0,9,6
f1c642c832811a3fc3211744ad8943a72be4ad4a,org.zakky.memopad.PadActivity,179,100,15,29
f1c642c832811a3fc3211744ad8943a72be4ad4a,org.zakky.memopad.PaintView,265,137,26,48
f1c642c832811a3fc3211744ad8943a72be4ad4a,org.zakky.memopad.PenConfigActionProvider,131,0,9,32
f48eb706ba9628c676f178ce4b1b4cf79c6a54b0,org.zakky.smart_tag_app.MediaUtils,91,10,10,15
f48eb706ba9628c676f178ce4b1b4cf79c6a54b0,org.zakky.smart_tag_app.SmartTagAppActivity,121,0,18,16
f48eb706ba9628c676f178ce4b1b4cf79c6a54b0,org.zakky.smart_tag_app.SmartTagTask,35,4,5,8
f48eb706ba9628c676f178ce4b1b4cf79c6a54b0,org.zakky.memopad.BgConfigActionProvider,112,0,7,26
f48eb706ba9628c676f178ce4b1b4cf79c6a54b0,org.zakky.memopad.CanvasFragment,117,56,8,25
f48eb706ba9628c676f178ce4b1b4cf79c6a54b0,org.zakky.memopad.MyDialogFragment,35,0,9,6
f48eb706ba9628c676f178ce4b1b4cf79c6a54b0,org.zakky.memopad.PadActivity,179,100,15,29
f48eb706ba9628c676f178ce4b1b4cf79c6a54b0,org.zakky.memopad.PaintView,265,137,26,48
f48eb706ba9628c676f178ce4b1b4cf79c6a54b0,org.zakky.memopad.PenConfigActionProvider,131,0,9,32
db95e1208975eeab2f62546aa3362a806075b4e8,org.zakky.smart_tag_app.MediaUtils,91,10,10,15
db95e1208975eeab2f62546aa3362a806075b4e8,org.zakky.smart_tag_app.SmartTagAppActivity,121,0,18,16
db95e1208975eeab2f62546aa3362a806075b4e8,org.zakky.smart_tag_app.SmartTagTask,35,4,5,8
db95e1208975eeab2f62546aa3362a806075b4e8,org.zakky.memopad.BgConfigActionProvider,112,0,7,26
db95e1208975eeab2f62546aa3362a806075b4e8,org.zakky.memopad.CanvasFragment,117,56,8,25
db95e1208975eeab2f62546aa3362a806075b4e8,org.zakky.memopad.MyDialogFragment,35,0,9,6
db95e1208975eeab2f62546aa3362a806075b4e8,org.zakky.memopad.PadActivity,179,100,15,29
db95e1208975eeab2f62546aa3362a806075b4e8,org.zakky.memopad.PaintView,265,137,26,48
db95e1208975eeab2f62546aa3362a806075b4e8,org.zakky.memopad.PenConfigActionProvider,131,0,9,32
b6c068312dc3f955adec494f1e287cfa2295ebf0,org.zakky.smart_tag_app.MediaUtils,91,10,10,15
b6c068312dc3f955adec494f1e287cfa2295ebf0,org.zakky.smart_tag_app.SmartTagAppActivity,121,0,18,16
b6c068312dc3f955adec494f1e287cfa2295ebf0,org.zakky.smart_tag_app.SmartTagTask,35,4,5,8
b6c068312dc3f955adec494f1e287cfa2295ebf0,org.zakky.memopad.BgConfigActionProvider,112,0,7,26
b6c068312dc3f955adec494f1e287cfa2295ebf0,org.zakky.memopad.CanvasFragment,117,56,8,25
b6c068312dc3f955adec494f1e287cfa2295ebf0,org.zakky.memopad.MyDialogFragment,35,0,9,6
b6c068312dc3f955adec494f1e287cfa2295ebf0,org.zakky.memopad.PadActivity,179,100,15,29
b6c068312dc3f955adec494f1e287cfa2295ebf0,org.zakky.memopad.PaintView,265,137,26,48
b6c068312dc3f955adec494f1e287cfa2295ebf0,org.zakky.memopad.PenConfigActionProvider,131,0,9,32
1cdf01f1ce53a9e800b8d97796c8b9a18af405d3,org.zakky.smart_tag_app.MediaUtils,91,10,10,15
1cdf01f1ce53a9e800b8d97796c8b9a18af405d3,org.zakky.smart_tag_app.SmartTagAppActivity,121,0,18,16
1cdf01f1ce53a9e800b8d97796c8b9a18af405d3,org.zakky.smart_tag_app.SmartTagTask,35,4,5,8
1cdf01f1ce53a9e800b8d97796c8b9a18af405d3,org.zakky.memopad.BgConfigActionProvider,112,0,7,26
1cdf01f1ce53a9e800b8d97796c8b9a18af405d3,org.zakky.memopad.CanvasFragment,117,56,8,25
1cdf01f1ce53a9e800b8d97796c8b9a18af405d3,org.zakky.memopad.MyDialogFragment,35,0,9,6
1cdf01f1ce53a9e800b8d97796c8b9a18af405d3,org.zakky.memopad.PadActivity,179,100,15,29
1cdf01f1ce53a9e800b8d97796c8b9a18af405d3,org.zakky.memopad.PaintView,265,137,26,48
1cdf01f1ce53a9e800b8d97796c8b9a18af405d3,org.zakky.memopad.PenConfigActionProvider,131,0,9,32
0ea8e817d907e833f7cbf0fed8db7dd7b768f5df,org.zakky.smart_tag_app.MediaUtils,91,10,10,15
0ea8e817d907e833f7cbf0fed8db7dd7b768f5df,org.zakky.smart_tag_app.SmartTagAppActivity,121,0,18,16
0ea8e817d907e833f7cbf0fed8db7dd7b768f5df,org.zakky.smart_tag_app.SmartTagTask,35,4,5,8
0ea8e817d907e833f7cbf0fed8db7dd7b768f5df,org.zakky.memopad.BgConfigActionProvider,112,0,7,26
0ea8e817d907e833f7cbf0fed8db7dd7b768f5df,org.zakky.memopad.CanvasFragment,117,56,8,25
0ea8e817d907e833f7cbf0fed8db7dd7b768f5df,org.zakky.memopad.MyDialogFragment,35,0,9,6
0ea8e817d907e833f7cbf0fed8db7dd7b768f5df,org.zakky.memopad.PadActivity,179,100,15,29
0ea8e817d907e833f7cbf0fed8db7dd7b768f5df,org.zakky.memopad.PaintView,265,137,26,48
0ea8e817d907e833f7cbf0fed8db7dd7b768f5df,org.zakky.memopad.PenConfigActionProvider,131,0,9,32
9a91a92589d146e3b2758ba17624d699f2fb6c99,org.zakky.smart_tag_app.MediaUtils,91,10,10,15
9a91a92589d146e3b2758ba17624d699f2fb6c99,org.zakky.smart_tag_app.SmartTagAppActivity,121,0,18,16
9a91a92589d146e3b2758ba17624d699f2fb6c99,org.zakky.smart_tag_app.SmartTagTask,35,4,5,8
9a91a92589d146e3b2758ba17624d699f2fb6c99,org.zakky.memopad.BgConfigActionProvider,112,0,7,26
9a91a92589d146e3b2758ba17624d699f2fb6c99,org.zakky.memopad.CanvasFragment,117,56,8,25
9a91a92589d146e3b2758ba17624d699f2fb6c99,org.zakky.memopad.MyDialogFragment,35,0,9,6
9a91a92589d146e3b2758ba17624d699f2fb6c99,org.zakky.memopad.PadActivity,179,100,15,29
9a91a92589d146e3b2758ba17624d699f2fb6c99,org.zakky.memopad.PaintView,265,137,26,48
9a91a92589d146e3b2758ba17624d699f2fb6c99,org.zakky.memopad.PenConfigActionProvider,131,0,9,32
d34124f42d2d650bf3007f7f726e181345940a77,org.zakky.smart_tag_app.MediaUtils,91,10,10,15
d34124f42d2d650bf3007f7f726e181345940a77,org.zakky.smart_tag_app.SmartTagAppActivity,121,0,18,16
d34124f42d2d650bf3007f7f726e181345940a77,org.zakky.smart_tag_app.SmartTagTask,35,4,5,8
d34124f42d2d650bf3007f7f726e181345940a77,org.zakky.memopad.BgConfigActionProvider,112,0,7,26
d34124f42d2d650bf3007f7f726e181345940a77,org.zakky.memopad.CanvasFragment,117,56,8,25
d34124f42d2d650bf3007f7f726e181345940a77,org.zakky.memopad.MyDialogFragment,35,0,9,6
d34124f42d2d650bf3007f7f726e181345940a77,org.zakky.memopad.PadActivity,179,100,15,29
d34124f42d2d650bf3007f7f726e181345940a77,org.zakky.memopad.PaintView,265,137,26,48
d34124f42d2d650bf3007f7f726e181345940a77,org.zakky.memopad.PenConfigActionProvider,131,0,9,32
4c62368fb4eed4bcb655e4103dde4be54c06c3f3,org.zakky.smart_tag_app.MediaUtils,91,10,10,15
4c62368fb4eed4bcb655e4103dde4be54c06c3f3,org.zakky.smart_tag_app.SmartTagAppActivity,121,0,18,16
4c62368fb4eed4bcb655e4103dde4be54c06c3f3,org.zakky.smart_tag_app.SmartTagTask,35,4,5,8
4c62368fb4eed4bcb655e4103dde4be54c06c3f3,org.zakky.memopad.BgConfigActionProvider,112,0,7,26
4c62368fb4eed4bcb655e4103dde4be54c06c3f3,org.zakky.memopad.CanvasFragment,117,56,8,25
4c62368fb4eed4bcb655e4103dde4be54c06c3f3,org.zakky.memopad.MyDialogFragment,35,0,9,6
4c62368fb4eed4bcb655e4103dde4be54c06c3f3,org.zakky.memopad.PadActivity,179,100,15,29
4c62368fb4eed4bcb655e4103dde4be54c06c3f3,org.zakky.memopad.PaintView,265,137,26,48
4c62368fb4eed4bcb655e4103dde4be54c06c3f3,org.zakky.memopad.PenConfigActionProvider,131,0,9,32
da81a5c57f7e5ea5e7e2551c3ff7e6b5e19eb781,org.zakky.smart_tag_app.MediaUtils,91,10,10,15
da81a5c57f7e5ea5e7e2551c3ff7e6b5e19eb781,org.zakky.smart_tag_app.SmartTagAppActivity,121,0,18,16
da81a5c57f7e5ea5e7e2551c3ff7e6b5e19eb781,org.zakky.smart_tag_app.SmartTagTask,35,4,5,8
da81a5c57f7e5ea5e7e2551c3ff7e6b5e19eb781,org.zakky.memopad.BgConfigActionProvider,112,0,7,26
da81a5c57f7e5ea5e7e2551c3ff7e6b5e19eb781,org.zakky.memopad.CanvasFragment,117,56,8,25
da81a5c57f7e5ea5e7e2551c3ff7e6b5e19eb781,org.zakky.memopad.MyDialogFragment,35,0,9,6
da81a5c57f7e5ea5e7e2551c3ff7e6b5e19eb781,org.zakky.memopad.PadActivity,179,100,15,29
da81a5c57f7e5ea5e7e2551c3ff7e6b5e19eb781,org.zakky.memopad.PaintView,265,137,26,48
da81a5c57f7e5ea5e7e2551c3ff7e6b5e19eb781,org.zakky.memopad.PenConfigActionProvider,131,0,9,32
9f0958902741cc46b10e5d6f480d64824809673d,org.zakky.smart_tag_app.MediaUtils,91,10,10,15
9f0958902741cc46b10e5d6f480d64824809673d,org.zakky.smart_tag_app.SmartTagAppActivity,121,0,18,16
9f0958902741cc46b10e5d6f480d64824809673d,org.zakky.smart_tag_app.SmartTagTask,35,4,5,8
9f0958902741cc46b10e5d6f480d64824809673d,org.zakky.memopad.BgConfigActionProvider,112,0,7,26
9f0958902741cc46b10e5d6f480d64824809673d,org.zakky.memopad.CanvasFragment,117,56,8,25
9f0958902741cc46b10e5d6f480d64824809673d,org.zakky.memopad.MyDialogFragment,35,0,9,6
9f0958902741cc46b10e5d6f480d64824809673d,org.zakky.memopad.PadActivity,179,100,15,29
9f0958902741cc46b10e5d6f480d64824809673d,org.zakky.memopad.PaintView,265,137,26,48
9f0958902741cc46b10e5d6f480d64824809673d,org.zakky.memopad.PenConfigActionProvider,131,0,9,32
0b86f9abc1f1c0884f91a0f722e4e00fd92dfcac,org.zakky.smart_tag_app.MediaUtils,91,10,10,15
0b86f9abc1f1c0884f91a0f722e4e00fd92dfcac,org.zakky.smart_tag_app.SmartTagAppActivity,121,0,18,16
0b86f9abc1f1c0884f91a0f722e4e00fd92dfcac,org.zakky.smart_tag_app.SmartTagTask,35,4,5,8
0b86f9abc1f1c0884f91a0f722e4e00fd92dfcac,org.zakky.memopad.BgConfigActionProvider,112,0,7,26
0b86f9abc1f1c0884f91a0f722e4e00fd92dfcac,org.zakky.memopad.CanvasFragment,117,56,8,25
0b86f9abc1f1c0884f91a0f722e4e00fd92dfcac,org.zakky.memopad.MyDialogFragment,35,0,9,6
0b86f9abc1f1c0884f91a0f722e4e00fd92dfcac,org.zakky.memopad.PadActivity,179,100,15,29
0b86f9abc1f1c0884f91a0f722e4e00fd92dfcac,org.zakky.memopad.PaintView,265,137,26,48
0b86f9abc1f1c0884f91a0f722e4e00fd92dfcac,org.zakky.memopad.PenConfigActionProvider,131,0,9,32
6ecd27c609299a19654c3f3262efa7f6ccfcc0cb,org.zakky.smart_tag_app.MediaUtils,91,10,10,15
6ecd27c609299a19654c3f3262efa7f6ccfcc0cb,org.zakky.smart_tag_app.SmartTagAppActivity,121,0,18,16
6ecd27c609299a19654c3f3262efa7f6ccfcc0cb,org.zakky.smart_tag_app.SmartTagTask,35,4,5,8
6ecd27c609299a19654c3f3262efa7f6ccfcc0cb,org.zakky.memopad.BgConfigActionProvider,112,0,7,26
6ecd27c609299a19654c3f3262efa7f6ccfcc0cb,org.zakky.memopad.CanvasFragment,117,56,8,25
6ecd27c609299a19654c3f3262efa7f6ccfcc0cb,org.zakky.memopad.MyDialogFragment,35,0,9,6
6ecd27c609299a19654c3f3262efa7f6ccfcc0cb,org.zakky.memopad.PadActivity,179,100,15,29
6ecd27c609299a19654c3f3262efa7f6ccfcc0cb,org.zakky.memopad.PaintView,265,137,26,48
6ecd27c609299a19654c3f3262efa7f6ccfcc0cb,org.zakky.memopad.PenConfigActionProvider,131,0,9,32
f214d26006724c49baa137e308879389f4cc167e,org.zakky.smart_tag_app.MediaUtils,91,10,10,15
f214d26006724c49baa137e308879389f4cc167e,org.zakky.smart_tag_app.SmartTagAppActivity,121,0,18,16
f214d26006724c49baa137e308879389f4cc167e,org.zakky.smart_tag_app.SmartTagTask,35,4,5,8
f214d26006724c49baa137e308879389f4cc167e,org.zakky.memopad.BgConfigActionProvider,112,0,7,26
f214d26006724c49baa137e308879389f4cc167e,org.zakky.memopad.CanvasFragment,117,56,8,25
f214d26006724c49baa137e308879389f4cc167e,org.zakky.memopad.MyDialogFragment,35,0,9,6
f214d26006724c49baa137e308879389f4cc167e,org.zakky.memopad.PadActivity,179,100,15,29
f214d26006724c49baa137e308879389f4cc167e,org.zakky.memopad.PaintView,265,137,26,48
f214d26006724c49baa137e308879389f4cc167e,org.zakky.memopad.PenConfigActionProvider,131,0,9,32
01cfcae79cb890f2f2e1825e15e2a428390bce02,org.zakky.smart_tag_app.MediaUtils,91,10,10,15
01cfcae79cb890f2f2e1825e15e2a428390bce02,org.zakky.smart_tag_app.SmartTagAppActivity,121,0,18,16
01cfcae79cb890f2f2e1825e15e2a428390bce02,org.zakky.smart_tag_app.SmartTagTask,35,4,5,8
01cfcae79cb890f2f2e1825e15e2a428390bce02,org.zakky.memopad.BgConfigActionProvider,112,0,7,26
01cfcae79cb890f2f2e1825e15e2a428390bce02,org.zakky.memopad.CanvasFragment,117,56,8,25
01cfcae79cb890f2f2e1825e15e2a428390bce02,org.zakky.memopad.MyDialogFragment,35,0,9,6
01cfcae79cb890f2f2e1825e15e2a428390bce02,org.zakky.memopad.PadActivity,179,100,15,29
01cfcae79cb890f2f2e1825e15e2a428390bce02,org.zakky.memopad.PaintView,265,137,26,48
01cfcae79cb890f2f2e1825e15e2a428390bce02,org.zakky.memopad.PenConfigActionProvider,131,0,9,32
d56b6e7e484ce384731c8d59dbdab6e2090b1692,org.zakky.smart_tag_app.MediaUtils,91,10,10,15
d56b6e7e484ce384731c8d59dbdab6e2090b1692,org.zakky.smart_tag_app.SmartTagAppActivity,121,0,18,16
d56b6e7e484ce384731c8d59dbdab6e2090b1692,org.zakky.smart_tag_app.SmartTagTask,35,4,5,8
d56b6e7e484ce384731c8d59dbdab6e2090b1692,org.zakky.memopad.BgConfigActionProvider,112,0,7,26
d56b6e7e484ce384731c8d59dbdab6e2090b1692,org.zakky.memopad.CanvasFragment,117,56,8,25
d56b6e7e484ce384731c8d59dbdab6e2090b1692,org.zakky.memopad.MyDialogFragment,35,0,9,6
d56b6e7e484ce384731c8d59dbdab6e2090b1692,org.zakky.memopad.PadActivity,179,100,15,29
d56b6e7e484ce384731c8d59dbdab6e2090b1692,org.zakky.memopad.PaintView,265,137,26,48
d56b6e7e484ce384731c8d59dbdab6e2090b1692,org.zakky.memopad.PenConfigActionProvider,131,0,9,32
027b8b2fef939b5c60cf8d3d3e21960c8f4e4b0c,org.zakky.smart_tag_app.MediaUtils,91,10,10,15
027b8b2fef939b5c60cf8d3d3e21960c8f4e4b0c,org.zakky.smart_tag_app.SmartTagAppActivity,121,0,18,16
027b8b2fef939b5c60cf8d3d3e21960c8f4e4b0c,org.zakky.smart_tag_app.SmartTagTask,35,4,5,8
027b8b2fef939b5c60cf8d3d3e21960c8f4e4b0c,org.zakky.memopad.BgConfigActionProvider,112,0,7,26
027b8b2fef939b5c60cf8d3d3e21960c8f4e4b0c,org.zakky.memopad.CanvasFragment,117,56,8,25
027b8b2fef939b5c60cf8d3d3e21960c8f4e4b0c,org.zakky.memopad.MyDialogFragment,35,0,9,6
027b8b2fef939b5c60cf8d3d3e21960c8f4e4b0c,org.zakky.memopad.PadActivity,179,100,15,29
027b8b2fef939b5c60cf8d3d3e21960c8f4e4b0c,org.zakky.memopad.PaintView,265,137,26,48
027b8b2fef939b5c60cf8d3d3e21960c8f4e4b0c,org.zakky.memopad.PenConfigActionProvider,131,0,9,32
1a5e8395f623b7995212d05ae1c0b697a3e0caea,org.zakky.smart_tag_app.MediaUtils,91,10,10,15
1a5e8395f623b7995212d05ae1c0b697a3e0caea,org.zakky.smart_tag_app.SmartTagAppActivity,121,0,18,16
1a5e8395f623b7995212d05ae1c0b697a3e0caea,org.zakky.smart_tag_app.SmartTagTask,35,4,5,8
1a5e8395f623b7995212d05ae1c0b697a3e0caea,org.zakky.memopad.BgConfigActionProvider,112,0,7,26
1a5e8395f623b7995212d05ae1c0b697a3e0caea,org.zakky.memopad.CanvasFragment,117,56,8,25
1a5e8395f623b7995212d05ae1c0b697a3e0caea,org.zakky.memopad.MyDialogFragment,35,0,9,6
1a5e8395f623b7995212d05ae1c0b697a3e0caea,org.zakky.memopad.PadActivity,179,100,15,29
1a5e8395f623b7995212d05ae1c0b697a3e0caea,org.zakky.memopad.PaintView,265,137,26,48
1a5e8395f623b7995212d05ae1c0b697a3e0caea,org.zakky.memopad.PenConfigActionProvider,131,0,9,32
a7f52105b20325abb80deac34513ff217dfdb935,org.zakky.smart_tag_app.MediaUtils,91,10,10,15
a7f52105b20325abb80deac34513ff217dfdb935,org.zakky.smart_tag_app.SmartTagAppActivity,121,0,18,16
a7f52105b20325abb80deac34513ff217dfdb935,org.zakky.smart_tag_app.SmartTagTask,35,4,5,8
a7f52105b20325abb80deac34513ff217dfdb935,org.zakky.memopad.BgConfigActionProvider,112,0,7,26
a7f52105b20325abb80deac34513ff217dfdb935,org.zakky.memopad.CanvasFragment,117,56,8,25
a7f52105b20325abb80deac34513ff217dfdb935,org.zakky.memopad.MyDialogFragment,35,0,9,6
a7f52105b20325abb80deac34513ff217dfdb935,org.zakky.memopad.PadActivity,179,100,15,29
a7f52105b20325abb80deac34513ff217dfdb935,org.zakky.memopad.PaintView,265,137,26,48
a7f52105b20325abb80deac34513ff217dfdb935,org.zakky.memopad.PenConfigActionProvider,131,0,9,32
6ceb19d6fd6e9009ff0199c3de935803cf5d754a,org.zakky.smart_tag_app.MediaUtils,91,10,10,15
6ceb19d6fd6e9009ff0199c3de935803cf5d754a,org.zakky.smart_tag_app.SmartTagAppActivity,121,0,18,16
6ceb19d6fd6e9009ff0199c3de935803cf5d754a,org.zakky.smart_tag_app.SmartTagTask,35,4,5,8
6ceb19d6fd6e9009ff0199c3de935803cf5d754a,org.zakky.memopad.BgConfigActionProvider,112,0,7,26
6ceb19d6fd6e9009ff0199c3de935803cf5d754a,org.zakky.memopad.CanvasFragment,117,56,8,25
6ceb19d6fd6e9009ff0199c3de935803cf5d754a,org.zakky.memopad.MyDialogFragment,35,0,9,6
6ceb19d6fd6e9009ff0199c3de935803cf5d754a,org.zakky.memopad.PadActivity,179,100,15,29
6ceb19d6fd6e9009ff0199c3de935803cf5d754a,org.zakky.memopad.PaintView,265,137,26,48
6ceb19d6fd6e9009ff0199c3de935803cf5d754a,org.zakky.memopad.PenConfigActionProvider,131,0,9,32
5cc983563152803eb313210a6aa8e84bb39d8bf6,org.zakky.smart_tag_app.MediaUtils,91,10,10,15
5cc983563152803eb313210a6aa8e84bb39d8bf6,org.zakky.smart_tag_app.SmartTagAppActivity,121,0,18,16
5cc983563152803eb313210a6aa8e84bb39d8bf6,org.zakky.smart_tag_app.SmartTagTask,35,4,5,8
5cc983563152803eb313210a6aa8e84bb39d8bf6,org.zakky.memopad.BgConfigActionProvider,112,0,7,26
5cc983563152803eb313210a6aa8e84bb39d8bf6,org.zakky.memopad.CanvasFragment,117,56,8,25
5cc983563152803eb313210a6aa8e84bb39d8bf6,org.zakky.memopad.MyDialogFragment,35,0,9,6
5cc983563152803eb313210a6aa8e84bb39d8bf6,org.zakky.memopad.PadActivity,179,100,15,29
5cc983563152803eb313210a6aa8e84bb39d8bf6,org.zakky.memopad.PaintView,265,137,26,48
5cc983563152803eb313210a6aa8e84bb39d8bf6,org.zakky.memopad.PenConfigActionProvider,131,0,9,32
68b8dc6bb11d11f511206cdb753bd26321017cd0,org.zakky.smart_tag_app.MediaUtils,91,10,10,15
68b8dc6bb11d11f511206cdb753bd26321017cd0,org.zakky.smart_tag_app.SmartTagAppActivity,121,0,18,16
68b8dc6bb11d11f511206cdb753bd26321017cd0,org.zakky.smart_tag_app.SmartTagTask,35,4,5,8
68b8dc6bb11d11f511206cdb753bd26321017cd0,org.zakky.memopad.BgConfigActionProvider,112,0,7,26
68b8dc6bb11d11f511206cdb753bd26321017cd0,org.zakky.memopad.CanvasFragment,117,56,8,25
68b8dc6bb11d11f511206cdb753bd26321017cd0,org.zakky.memopad.MyDialogFragment,35,0,9,6
68b8dc6bb11d11f511206cdb753bd26321017cd0,org.zakky.memopad.PadActivity,179,100,15,29
68b8dc6bb11d11f511206cdb753bd26321017cd0,org.zakky.memopad.PaintView,265,137,26,48
68b8dc6bb11d11f511206cdb753bd26321017cd0,org.zakky.memopad.PenConfigActionProvider,131,0,9,32
9daa6c4bb0cd117b1befef5bc1749ffade774b81,org.zakky.smart_tag_app.MediaUtils,91,10,10,15
9daa6c4bb0cd117b1befef5bc1749ffade774b81,org.zakky.smart_tag_app.SmartTagAppActivity,121,0,18,16
9daa6c4bb0cd117b1befef5bc1749ffade774b81,org.zakky.smart_tag_app.SmartTagTask,35,4,5,8
9daa6c4bb0cd117b1befef5bc1749ffade774b81,org.zakky.memopad.BgConfigActionProvider,112,0,7,26
9daa6c4bb0cd117b1befef5bc1749ffade774b81,org.zakky.memopad.CanvasFragment,117,56,8,25
9daa6c4bb0cd117b1befef5bc1749ffade774b81,org.zakky.memopad.MyDialogFragment,35,0,9,6
9daa6c4bb0cd117b1befef5bc1749ffade774b81,org.zakky.memopad.PadActivity,179,100,15,29
9daa6c4bb0cd117b1befef5bc1749ffade774b81,org.zakky.memopad.PaintView,265,137,26,48
9daa6c4bb0cd117b1befef5bc1749ffade774b81,org.zakky.memopad.PenConfigActionProvider,131,0,9,32
72756b21a95e770e69ceae787a6264d8b024b3cf,org.zakky.smart_tag_app.MediaUtils,91,10,10,15
72756b21a95e770e69ceae787a6264d8b024b3cf,org.zakky.smart_tag_app.SmartTagAppActivity,121,0,18,16
72756b21a95e770e69ceae787a6264d8b024b3cf,org.zakky.smart_tag_app.SmartTagTask,35,4,5,8
72756b21a95e770e69ceae787a6264d8b024b3cf,org.zakky.memopad.BgConfigActionProvider,112,0,7,26
72756b21a95e770e69ceae787a6264d8b024b3cf,org.zakky.memopad.CanvasFragment,117,56,8,25
72756b21a95e770e69ceae787a6264d8b024b3cf,org.zakky.memopad.MyDialogFragment,35,0,9,6
72756b21a95e770e69ceae787a6264d8b024b3cf,org.zakky.memopad.PadActivity,179,100,15,29
72756b21a95e770e69ceae787a6264d8b024b3cf,org.zakky.memopad.PaintView,265,137,26,48
72756b21a95e770e69ceae787a6264d8b024b3cf,org.zakky.memopad.PenConfigActionProvider,131,0,9,32
fe22b986217a0d7639635e340ba243662ce8e7e2,org.zakky.smart_tag_app.MediaUtils,91,10,10,15
fe22b986217a0d7639635e340ba243662ce8e7e2,org.zakky.smart_tag_app.SmartTagAppActivity,121,0,18,16
fe22b986217a0d7639635e340ba243662ce8e7e2,org.zakky.smart_tag_app.SmartTagTask,35,4,5,8
fe22b986217a0d7639635e340ba243662ce8e7e2,org.zakky.memopad.BgConfigActionProvider,112,0,7,26
fe22b986217a0d7639635e340ba243662ce8e7e2,org.zakky.memopad.CanvasFragment,117,56,8,25
fe22b986217a0d7639635e340ba243662ce8e7e2,org.zakky.memopad.MyDialogFragment,35,0,9,6
fe22b986217a0d7639635e340ba243662ce8e7e2,org.zakky.memopad.PadActivity,179,100,15,29
fe22b986217a0d7639635e340ba243662ce8e7e2,org.zakky.memopad.PaintView,265,137,26,48
fe22b986217a0d7639635e340ba243662ce8e7e2,org.zakky.memopad.PenConfigActionProvider,131,0,9,32
8b85a52a4eb40bfcb856d283b09257cca24b1dcd,org.zakky.smart_tag_app.MediaUtils,91,10,10,15
8b85a52a4eb40bfcb856d283b09257cca24b1dcd,org.zakky.smart_tag_app.SmartTagAppActivity,121,0,18,16
8b85a52a4eb40bfcb856d283b09257cca24b1dcd,org.zakky.smart_tag_app.SmartTagTask,35,4,5,8
8b85a52a4eb40bfcb856d283b09257cca24b1dcd,org.zakky.memopad.BgConfigActionProvider,112,0,7,26
8b85a52a4eb40bfcb856d283b09257cca24b1dcd,org.zakky.memopad.CanvasFragment,117,56,8,25
8b85a52a4eb40bfcb856d283b09257cca24b1dcd,org.zakky.memopad.MyDialogFragment,35,0,9,6
8b85a52a4eb40bfcb856d283b09257cca24b1dcd,org.zakky.memopad.PadActivity,179,100,15,29
8b85a52a4eb40bfcb856d283b09257cca24b1dcd,org.zakky.memopad.PaintView,265,137,26,48
8b85a52a4eb40bfcb856d283b09257cca24b1dcd,org.zakky.memopad.PenConfigActionProvider,131,0,9,32
0aaf262fd20aa3397a7c7eeb55e9d0b9294ad7e6,org.zakky.smart_tag_app.MediaUtils,91,10,10,15
0aaf262fd20aa3397a7c7eeb55e9d0b9294ad7e6,org.zakky.smart_tag_app.SmartTagAppActivity,121,0,18,16
0aaf262fd20aa3397a7c7eeb55e9d0b9294ad7e6,org.zakky.smart_tag_app.SmartTagTask,35,4,5,8
0aaf262fd20aa3397a7c7eeb55e9d0b9294ad7e6,org.zakky.memopad.BgConfigActionProvider,112,0,7,26
0aaf262fd20aa3397a7c7eeb55e9d0b9294ad7e6,org.zakky.memopad.CanvasFragment,117,56,8,25
0aaf262fd20aa3397a7c7eeb55e9d0b9294ad7e6,org.zakky.memopad.MyDialogFragment,35,0,9,6
0aaf262fd20aa3397a7c7eeb55e9d0b9294ad7e6,org.zakky.memopad.PadActivity,179,100,15,29
0aaf262fd20aa3397a7c7eeb55e9d0b9294ad7e6,org.zakky.memopad.PaintView,265,137,26,48
0aaf262fd20aa3397a7c7eeb55e9d0b9294ad7e6,org.zakky.memopad.PenConfigActionProvider,131,0,9,32
232e2ad8e7ad138855be9eccdc7dce562bd686d7,org.zakky.smart_tag_app.MediaUtils,91,10,10,15
232e2ad8e7ad138855be9eccdc7dce562bd686d7,org.zakky.smart_tag_app.SmartTagAppActivity,121,0,18,16
232e2ad8e7ad138855be9eccdc7dce562bd686d7,org.zakky.smart_tag_app.SmartTagTask,35,4,5,8
232e2ad8e7ad138855be9eccdc7dce562bd686d7,org.zakky.memopad.BgConfigActionProvider,112,0,7,26
232e2ad8e7ad138855be9eccdc7dce562bd686d7,org.zakky.memopad.CanvasFragment,117,56,8,25
232e2ad8e7ad138855be9eccdc7dce562bd686d7,org.zakky.memopad.MyDialogFragment,35,0,9,6
232e2ad8e7ad138855be9eccdc7dce562bd686d7,org.zakky.memopad.PadActivity,179,100,15,29
232e2ad8e7ad138855be9eccdc7dce562bd686d7,org.zakky.memopad.PaintView,265,137,26,48
232e2ad8e7ad138855be9eccdc7dce562bd686d7,org.zakky.memopad.PenConfigActionProvider,131,0,9,32
f6b47b0f60211dd24785361b8c14dc31850ebf76,org.zakky.smart_tag_app.MediaUtils,91,10,10,15
f6b47b0f60211dd24785361b8c14dc31850ebf76,org.zakky.smart_tag_app.SmartTagAppActivity,121,0,18,16
f6b47b0f60211dd24785361b8c14dc31850ebf76,org.zakky.smart_tag_app.SmartTagTask,35,4,5,8
f6b47b0f60211dd24785361b8c14dc31850ebf76,org.zakky.memopad.BgConfigActionProvider,112,0,7,26
f6b47b0f60211dd24785361b8c14dc31850ebf76,org.zakky.memopad.CanvasFragment,117,56,8,25
f6b47b0f60211dd24785361b8c14dc31850ebf76,org.zakky.memopad.MyDialogFragment,35,0,9,6
f6b47b0f60211dd24785361b8c14dc31850ebf76,org.zakky.memopad.PadActivity,179,100,15,29
f6b47b0f60211dd24785361b8c14dc31850ebf76,org.zakky.memopad.PaintView,265,137,26,48
f6b47b0f60211dd24785361b8c14dc31850ebf76,org.zakky.memopad.PenConfigActionProvider,131,0,9,32
0cf168056ebc6ea96ae6819942ed4b8079c05a3f,org.zakky.smart_tag_app.MediaUtils,91,10,10,15
0cf168056ebc6ea96ae6819942ed4b8079c05a3f,org.zakky.smart_tag_app.SmartTagAppActivity,121,0,18,16
0cf168056ebc6ea96ae6819942ed4b8079c05a3f,org.zakky.smart_tag_app.SmartTagTask,35,4,5,8
0cf168056ebc6ea96ae6819942ed4b8079c05a3f,org.zakky.memopad.BgConfigActionProvider,112,0,7,26
0cf168056ebc6ea96ae6819942ed4b8079c05a3f,org.zakky.memopad.CanvasFragment,117,56,8,25
0cf168056ebc6ea96ae6819942ed4b8079c05a3f,org.zakky.memopad.MyDialogFragment,35,0,9,6
0cf168056ebc6ea96ae6819942ed4b8079c05a3f,org.zakky.memopad.PadActivity,179,100,15,29
0cf168056ebc6ea96ae6819942ed4b8079c05a3f,org.zakky.memopad.PaintView,265,137,26,48
0cf168056ebc6ea96ae6819942ed4b8079c05a3f,org.zakky.memopad.PenConfigActionProvider,131,0,9,32
53bd0a5edaf1f177fb300cee3b838284af541944,org.zakky.smart_tag_app.MediaUtils,91,10,10,15
53bd0a5edaf1f177fb300cee3b838284af541944,org.zakky.smart_tag_app.SmartTagAppActivity,121,0,18,16
53bd0a5edaf1f177fb300cee3b838284af541944,org.zakky.smart_tag_app.SmartTagTask,35,4,5,8
53bd0a5edaf1f177fb300cee3b838284af541944,org.zakky.memopad.BgConfigActionProvider,112,0,7,26
53bd0a5edaf1f177fb300cee3b838284af541944,org.zakky.memopad.CanvasFragment,117,56,8,25
53bd0a5edaf1f177fb300cee3b838284af541944,org.zakky.memopad.MyDialogFragment,35,0,9,6
53bd0a5edaf1f177fb300cee3b838284af541944,org.zakky.memopad.PadActivity,179,100,15,29
53bd0a5edaf1f177fb300cee3b838284af541944,org.zakky.memopad.PaintView,265,137,26,48
53bd0a5edaf1f177fb300cee3b838284af541944,org.zakky.memopad.PenConfigActionProvider,131,0,9,32
4dca3f68764d8ef61aa341959208b49b64ff906e,org.zakky.smart_tag_app.MediaUtils,91,10,10,15
4dca3f68764d8ef61aa341959208b49b64ff906e,org.zakky.smart_tag_app.SmartTagAppActivity,121,0,18,16
4dca3f68764d8ef61aa341959208b49b64ff906e,org.zakky.smart_tag_app.SmartTagTask,35,4,5,8
4dca3f68764d8ef61aa341959208b49b64ff906e,org.zakky.memopad.BgConfigActionProvider,112,0,7,26
4dca3f68764d8ef61aa341959208b49b64ff906e,org.zakky.memopad.CanvasFragment,117,56,8,25
4dca3f68764d8ef61aa341959208b49b64ff906e,org.zakky.memopad.MyDialogFragment,35,0,9,6
4dca3f68764d8ef61aa341959208b49b64ff906e,org.zakky.memopad.PadActivity,179,100,15,29
4dca3f68764d8ef61aa341959208b49b64ff906e,org.zakky.memopad.PaintView,265,137,26,48
4dca3f68764d8ef61aa341959208b49b64ff906e,org.zakky.memopad.PenConfigActionProvider,131,0,9,32
87973262bffb5a934e4dd0ae5296e843a4d6d855,org.zakky.smart_tag_app.MediaUtils,91,10,10,15
87973262bffb5a934e4dd0ae5296e843a4d6d855,org.zakky.smart_tag_app.SmartTagAppActivity,121,0,18,16
87973262bffb5a934e4dd0ae5296e843a4d6d855,org.zakky.smart_tag_app.SmartTagTask,35,4,5,8
87973262bffb5a934e4dd0ae5296e843a4d6d855,org.zakky.memopad.BgConfigActionProvider,112,0,7,26
87973262bffb5a934e4dd0ae5296e843a4d6d855,org.zakky.memopad.CanvasFragment,117,56,8,25
87973262bffb5a934e4dd0ae5296e843a4d6d855,org.zakky.memopad.MyDialogFragment,35,0,9,6
87973262bffb5a934e4dd0ae5296e843a4d6d855,org.zakky.memopad.PadActivity,179,100,15,29
87973262bffb5a934e4dd0ae5296e843a4d6d855,org.zakky.memopad.PaintView,265,137,26,48
87973262bffb5a934e4dd0ae5296e843a4d6d855,org.zakky.memopad.PenConfigActionProvider,131,0,9,32
09bdebf586ca9d19439609198c3949ccc9696733,org.zakky.smart_tag_app.MediaUtils,91,10,10,15
09bdebf586ca9d19439609198c3949ccc9696733,org.zakky.smart_tag_app.SmartTagAppActivity,121,0,18,16
09bdebf586ca9d19439609198c3949ccc9696733,org.zakky.smart_tag_app.SmartTagTask,35,4,5,8
09bdebf586ca9d19439609198c3949ccc9696733,org.zakky.memopad.BgConfigActionProvider,112,0,7,26
09bdebf586ca9d19439609198c3949ccc9696733,org.zakky.memopad.CanvasFragment,117,56,8,25
09bdebf586ca9d19439609198c3949ccc9696733,org.zakky.memopad.MyDialogFragment,35,0,9,6
09bdebf586ca9d19439609198c3949ccc9696733,org.zakky.memopad.PadActivity,179,100,15,29
09bdebf586ca9d19439609198c3949ccc9696733,org.zakky.memopad.PaintView,265,137,26,48
09bdebf586ca9d19439609198c3949ccc9696733,org.zakky.memopad.PenConfigActionProvider,131,0,9,32
30a09e956d9fb66c2da3ae9b1bbcdba2307e4d44,org.zakky.smart_tag_app.MediaUtils,91,10,10,15
30a09e956d9fb66c2da3ae9b1bbcdba2307e4d44,org.zakky.smart_tag_app.SmartTagAppActivity,121,0,18,16
30a09e956d9fb66c2da3ae9b1bbcdba2307e4d44,org.zakky.smart_tag_app.SmartTagTask,35,4,5,8
30a09e956d9fb66c2da3ae9b1bbcdba2307e4d44,org.zakky.memopad.BgConfigActionProvider,112,0,7,26
30a09e956d9fb66c2da3ae9b1bbcdba2307e4d44,org.zakky.memopad.CanvasFragment,117,56,8,25
30a09e956d9fb66c2da3ae9b1bbcdba2307e4d44,org.zakky.memopad.MyDialogFragment,35,0,9,6
30a09e956d9fb66c2da3ae9b1bbcdba2307e4d44,org.zakky.memopad.PadActivity,179,100,15,29
30a09e956d9fb66c2da3ae9b1bbcdba2307e4d44,org.zakky.memopad.PaintView,265,137,26,48
30a09e956d9fb66c2da3ae9b1bbcdba2307e4d44,org.zakky.memopad.PenConfigActionProvider,131,0,9,32
2fb61edcf99f0df1630d4c00fa1347aca680164d,org.zakky.smart_tag_app.MediaUtils,91,10,10,15
2fb61edcf99f0df1630d4c00fa1347aca680164d,org.zakky.smart_tag_app.SmartTagAppActivity,121,0,18,16
2fb61edcf99f0df1630d4c00fa1347aca680164d,org.zakky.smart_tag_app.SmartTagTask,35,4,5,8
2fb61edcf99f0df1630d4c00fa1347aca680164d,org.zakky.memopad.BgConfigActionProvider,112,0,7,26
2fb61edcf99f0df1630d4c00fa1347aca680164d,org.zakky.memopad.CanvasFragment,117,56,8,25
2fb61edcf99f0df1630d4c00fa1347aca680164d,org.zakky.memopad.MyDialogFragment,35,0,9,6
2fb61edcf99f0df1630d4c00fa1347aca680164d,org.zakky.memopad.PadActivity,179,100,15,29
2fb61edcf99f0df1630d4c00fa1347aca680164d,org.zakky.memopad.PaintView,265,137,26,48
2fb61edcf99f0df1630d4c00fa1347aca680164d,org.zakky.memopad.PenConfigActionProvider,131,0,9,32
e689589b23dc9bfab8cc2032ef31e4a60de3c512,org.zakky.smart_tag_app.MediaUtils,91,10,10,15
e689589b23dc9bfab8cc2032ef31e4a60de3c512,org.zakky.smart_tag_app.SmartTagAppActivity,121,0,18,16
e689589b23dc9bfab8cc2032ef31e4a60de3c512,org.zakky.smart_tag_app.SmartTagTask,35,4,5,8
e689589b23dc9bfab8cc2032ef31e4a60de3c512,org.zakky.memopad.BgConfigActionProvider,112,0,7,26
e689589b23dc9bfab8cc2032ef31e4a60de3c512,org.zakky.memopad.CanvasFragment,117,56,8,25
e689589b23dc9bfab8cc2032ef31e4a60de3c512,org.zakky.memopad.MyDialogFragment,35,0,9,6
e689589b23dc9bfab8cc2032ef31e4a60de3c512,org.zakky.memopad.PadActivity,179,100,15,29
e689589b23dc9bfab8cc2032ef31e4a60de3c512,org.zakky.memopad.PaintView,265,137,26,48
e689589b23dc9bfab8cc2032ef31e4a60de3c512,org.zakky.memopad.PenConfigActionProvider,131,0,9,32
188fce93d4fcd4f5337f65fa0c790b723ae672dc,org.zakky.smart_tag_app.MediaUtils,91,10,10,15
188fce93d4fcd4f5337f65fa0c790b723ae672dc,org.zakky.smart_tag_app.SmartTagAppActivity,121,0,18,16
188fce93d4fcd4f5337f65fa0c790b723ae672dc,org.zakky.smart_tag_app.SmartTagTask,35,4,5,8
188fce93d4fcd4f5337f65fa0c790b723ae672dc,org.zakky.memopad.BgConfigActionProvider,112,0,7,26
188fce93d4fcd4f5337f65fa0c790b723ae672dc,org.zakky.memopad.CanvasFragment,117,56,8,25
188fce93d4fcd4f5337f65fa0c790b723ae672dc,org.zakky.memopad.MyDialogFragment,35,0,9,6
188fce93d4fcd4f5337f65fa0c790b723ae672dc,org.zakky.memopad.PadActivity,179,100,15,29
188fce93d4fcd4f5337f65fa0c790b723ae672dc,org.zakky.memopad.PaintView,265,137,26,48
188fce93d4fcd4f5337f65fa0c790b723ae672dc,org.zakky.memopad.PenConfigActionProvider,131,0,9,32
603be282f805aee5ed6bf7a6f87fcb38e453db7a,org.zakky.smart_tag_app.MediaUtils,91,10,10,15
603be282f805aee5ed6bf7a6f87fcb38e453db7a,org.zakky.smart_tag_app.SmartTagAppActivity,121,0,18,16
603be282f805aee5ed6bf7a6f87fcb38e453db7a,org.zakky.smart_tag_app.SmartTagTask,35,4,5,8
603be282f805aee5ed6bf7a6f87fcb38e453db7a,org.zakky.memopad.BgConfigActionProvider,112,0,7,26
603be282f805aee5ed6bf7a6f87fcb38e453db7a,org.zakky.memopad.CanvasFragment,117,56,8,25
603be282f805aee5ed6bf7a6f87fcb38e453db7a,org.zakky.memopad.MyDialogFragment,35,0,9,6
603be282f805aee5ed6bf7a6f87fcb38e453db7a,org.zakky.memopad.PadActivity,179,100,15,29
603be282f805aee5ed6bf7a6f87fcb38e453db7a,org.zakky.memopad.PaintView,265,137,26,48
603be282f805aee5ed6bf7a6f87fcb38e453db7a,org.zakky.memopad.PenConfigActionProvider,131,0,9,32
8279292376a7fc4539505accb9f980a79ca153dd,org.zakky.smart_tag_app.MediaUtils,91,10,10,15
8279292376a7fc4539505accb9f980a79ca153dd,org.zakky.smart_tag_app.SmartTagAppActivity,121,0,18,16
8279292376a7fc4539505accb9f980a79ca153dd,org.zakky.smart_tag_app.SmartTagTask,35,4,5,8
8279292376a7fc4539505accb9f980a79ca153dd,org.zakky.memopad.BgConfigActionProvider,112,0,7,26
8279292376a7fc4539505accb9f980a79ca153dd,org.zakky.memopad.CanvasFragment,117,56,8,25
8279292376a7fc4539505accb9f980a79ca153dd,org.zakky.memopad.MyDialogFragment,35,0,9,6
8279292376a7fc4539505accb9f980a79ca153dd,org.zakky.memopad.PadActivity,179,100,15,29
8279292376a7fc4539505accb9f980a79ca153dd,org.zakky.memopad.PaintView,265,137,26,48
8279292376a7fc4539505accb9f980a79ca153dd,org.zakky.memopad.PenConfigActionProvider,131,0,9,32
25b73c6e41f6837f4bc0d3690c9fc6bb7a62b4a6,org.zakky.smart_tag_app.MediaUtils,91,10,10,15
25b73c6e41f6837f4bc0d3690c9fc6bb7a62b4a6,org.zakky.smart_tag_app.SmartTagAppActivity,121,0,18,16
25b73c6e41f6837f4bc0d3690c9fc6bb7a62b4a6,org.zakky.smart_tag_app.SmartTagTask,35,4,5,8
25b73c6e41f6837f4bc0d3690c9fc6bb7a62b4a6,org.zakky.memopad.BgConfigActionProvider,112,0,7,26
25b73c6e41f6837f4bc0d3690c9fc6bb7a62b4a6,org.zakky.memopad.CanvasFragment,117,56,8,25
25b73c6e41f6837f4bc0d3690c9fc6bb7a62b4a6,org.zakky.memopad.MyDialogFragment,35,0,9,6
25b73c6e41f6837f4bc0d3690c9fc6bb7a62b4a6,org.zakky.memopad.PadActivity,179,100,15,29
25b73c6e41f6837f4bc0d3690c9fc6bb7a62b4a6,org.zakky.memopad.PaintView,265,137,26,48
25b73c6e41f6837f4bc0d3690c9fc6bb7a62b4a6,org.zakky.memopad.PenConfigActionProvider,131,0,9,32
28cf22c69d08c485f8a7204ce63f4d6f6bf0c02e,org.zakky.smart_tag_app.MediaUtils,91,10,10,15
28cf22c69d08c485f8a7204ce63f4d6f6bf0c02e,org.zakky.smart_tag_app.SmartTagAppActivity,121,0,18,16
28cf22c69d08c485f8a7204ce63f4d6f6bf0c02e,org.zakky.smart_tag_app.SmartTagTask,35,4,5,8
28cf22c69d08c485f8a7204ce63f4d6f6bf0c02e,org.zakky.memopad.BgConfigActionProvider,112,0,7,26
28cf22c69d08c485f8a7204ce63f4d6f6bf0c02e,org.zakky.memopad.CanvasFragment,117,56,8,25
28cf22c69d08c485f8a7204ce63f4d6f6bf0c02e,org.zakky.memopad.MyDialogFragment,35,0,9,6
28cf22c69d08c485f8a7204ce63f4d6f6bf0c02e,org.zakky.memopad.PadActivity,179,100,15,29
28cf22c69d08c485f8a7204ce63f4d6f6bf0c02e,org.zakky.memopad.PaintView,265,137,26,48
28cf22c69d08c485f8a7204ce63f4d6f6bf0c02e,org.zakky.memopad.PenConfigActionProvider,131,0,9,32
c47e5892d9c14e3d681e3741df8d6d873802a40b,org.zakky.smart_tag_app.MediaUtils,91,10,10,15
c47e5892d9c14e3d681e3741df8d6d873802a40b,org.zakky.smart_tag_app.SmartTagAppActivity,121,0,18,16
c47e5892d9c14e3d681e3741df8d6d873802a40b,org.zakky.smart_tag_app.SmartTagTask,35,4,5,8
c47e5892d9c14e3d681e3741df8d6d873802a40b,org.zakky.memopad.BgConfigActionProvider,112,0,7,26
c47e5892d9c14e3d681e3741df8d6d873802a40b,org.zakky.memopad.CanvasFragment,117,56,8,25
c47e5892d9c14e3d681e3741df8d6d873802a40b,org.zakky.memopad.MyDialogFragment,35,0,9,6
c47e5892d9c14e3d681e3741df8d6d873802a40b,org.zakky.memopad.PadActivity,179,100,15,29
c47e5892d9c14e3d681e3741df8d6d873802a40b,org.zakky.memopad.PaintView,265,137,26,48
c47e5892d9c14e3d681e3741df8d6d873802a40b,org.zakky.memopad.PenConfigActionProvider,131,0,9,32
cdafb7ef27f43c3794af61a822426d235dd90bcb,org.zakky.smart_tag_app.MediaUtils,91,10,10,15
cdafb7ef27f43c3794af61a822426d235dd90bcb,org.zakky.smart_tag_app.SmartTagAppActivity,121,0,18,16
cdafb7ef27f43c3794af61a822426d235dd90bcb,org.zakky.smart_tag_app.SmartTagTask,35,4,5,8
cdafb7ef27f43c3794af61a822426d235dd90bcb,org.zakky.memopad.BgConfigActionProvider,112,0,7,26
cdafb7ef27f43c3794af61a822426d235dd90bcb,org.zakky.memopad.CanvasFragment,117,56,8,25
cdafb7ef27f43c3794af61a822426d235dd90bcb,org.zakky.memopad.MyDialogFragment,35,0,9,6
cdafb7ef27f43c3794af61a822426d235dd90bcb,org.zakky.memopad.PadActivity,179,100,15,29
cdafb7ef27f43c3794af61a822426d235dd90bcb,org.zakky.memopad.PaintView,265,137,26,48
cdafb7ef27f43c3794af61a822426d235dd90bcb,org.zakky.memopad.PenConfigActionProvider,131,0,9,32
c69be807536f877c1f14bc764e5a96c003c0d827,org.zakky.smart_tag_app.MediaUtils,91,10,10,15
c69be807536f877c1f14bc764e5a96c003c0d827,org.zakky.smart_tag_app.SmartTagAppActivity,121,0,18,16
c69be807536f877c1f14bc764e5a96c003c0d827,org.zakky.smart_tag_app.SmartTagTask,35,4,5,8
c69be807536f877c1f14bc764e5a96c003c0d827,org.zakky.memopad.BgConfigActionProvider,112,0,7,26
c69be807536f877c1f14bc764e5a96c003c0d827,org.zakky.memopad.CanvasFragment,117,56,8,25
c69be807536f877c1f14bc764e5a96c003c0d827,org.zakky.memopad.MyDialogFragment,35,0,9,6
c69be807536f877c1f14bc764e5a96c003c0d827,org.zakky.memopad.PadActivity,179,100,15,29
c69be807536f877c1f14bc764e5a96c003c0d827,org.zakky.memopad.PaintView,265,137,26,48
c69be807536f877c1f14bc764e5a96c003c0d827,org.zakky.memopad.PenConfigActionProvider,131,0,9,32
95405dfbb11f78a98419f3746ec4746c137a2612,org.zakky.smart_tag_app.MediaUtils,91,10,10,15
95405dfbb11f78a98419f3746ec4746c137a2612,org.zakky.smart_tag_app.SmartTagAppActivity,121,0,18,16
95405dfbb11f78a98419f3746ec4746c137a2612,org.zakky.smart_tag_app.SmartTagTask,35,4,5,8
95405dfbb11f78a98419f3746ec4746c137a2612,org.zakky.memopad.BgConfigActionProvider,112,0,7,26
95405dfbb11f78a98419f3746ec4746c137a2612,org.zakky.memopad.CanvasFragment,117,56,8,25
95405dfbb11f78a98419f3746ec4746c137a2612,org.zakky.memopad.MyDialogFragment,35,0,9,6
95405dfbb11f78a98419f3746ec4746c137a2612,org.zakky.memopad.PadActivity,179,100,15,29
95405dfbb11f78a98419f3746ec4746c137a2612,org.zakky.memopad.PaintView,265,137,26,48
95405dfbb11f78a98419f3746ec4746c137a2612,org.zakky.memopad.PenConfigActionProvider,131,0,9,32
349c843c63abd19cf78ce3f299364ce74d177437,org.zakky.smart_tag_app.MediaUtils,91,10,10,15
349c843c63abd19cf78ce3f299364ce74d177437,org.zakky.smart_tag_app.SmartTagAppActivity,121,0,18,16
349c843c63abd19cf78ce3f299364ce74d177437,org.zakky.smart_tag_app.SmartTagTask,35,4,5,8
349c843c63abd19cf78ce3f299364ce74d177437,org.zakky.memopad.BgConfigActionProvider,112,0,7,26
349c843c63abd19cf78ce3f299364ce74d177437,org.zakky.memopad.CanvasFragment,117,56,8,25
349c843c63abd19cf78ce3f299364ce74d177437,org.zakky.memopad.MyDialogFragment,35,0,9,6
349c843c63abd19cf78ce3f299364ce74d177437,org.zakky.memopad.PadActivity,179,100,15,29
349c843c63abd19cf78ce3f299364ce74d177437,org.zakky.memopad.PaintView,265,137,26,48
349c843c63abd19cf78ce3f299364ce74d177437,org.zakky.memopad.PenConfigActionProvider,131,0,9,32
6288143bd8f9bf300da98f4f8666f4d1981ca723,org.zakky.smart_tag_app.MediaUtils,91,10,10,15
6288143bd8f9bf300da98f4f8666f4d1981ca723,org.zakky.smart_tag_app.SmartTagAppActivity,121,0,18,16
6288143bd8f9bf300da98f4f8666f4d1981ca723,org.zakky.smart_tag_app.SmartTagTask,35,4,5,8
6288143bd8f9bf300da98f4f8666f4d1981ca723,org.zakky.memopad.BgConfigActionProvider,112,0,7,26
6288143bd8f9bf300da98f4f8666f4d1981ca723,org.zakky.memopad.CanvasFragment,117,56,8,25
6288143bd8f9bf300da98f4f8666f4d1981ca723,org.zakky.memopad.MyDialogFragment,35,0,9,6
6288143bd8f9bf300da98f4f8666f4d1981ca723,org.zakky.memopad.PadActivity,179,100,15,29
6288143bd8f9bf300da98f4f8666f4d1981ca723,org.zakky.memopad.PaintView,265,137,26,48
6288143bd8f9bf300da98f4f8666f4d1981ca723,org.zakky.memopad.PenConfigActionProvider,131,0,9,32
6401dc482293f77fdc53c910effebc45c3c3b47f,org.zakky.smart_tag_app.MediaUtils,91,10,10,15
6401dc482293f77fdc53c910effebc45c3c3b47f,org.zakky.smart_tag_app.SmartTagAppActivity,121,0,18,16
6401dc482293f77fdc53c910effebc45c3c3b47f,org.zakky.smart_tag_app.SmartTagTask,35,4,5,8
6401dc482293f77fdc53c910effebc45c3c3b47f,org.zakky.memopad.BgConfigActionProvider,112,0,7,26
6401dc482293f77fdc53c910effebc45c3c3b47f,org.zakky.memopad.CanvasFragment,117,56,8,25
6401dc482293f77fdc53c910effebc45c3c3b47f,org.zakky.memopad.MyDialogFragment,35,0,9,6
6401dc482293f77fdc53c910effebc45c3c3b47f,org.zakky.memopad.PadActivity,179,100,15,29
6401dc482293f77fdc53c910effebc45c3c3b47f,org.zakky.memopad.PaintView,265,137,26,48
6401dc482293f77fdc53c910effebc45c3c3b47f,org.zakky.memopad.PenConfigActionProvider,131,0,9,32
e31d914a0c2ac0703386a08ff4577a816730677f,org.zakky.smart_tag_app.MediaUtils,91,10,10,15
e31d914a0c2ac0703386a08ff4577a816730677f,org.zakky.smart_tag_app.SmartTagAppActivity,121,0,18,16
e31d914a0c2ac0703386a08ff4577a816730677f,org.zakky.smart_tag_app.SmartTagTask,35,4,5,8
e31d914a0c2ac0703386a08ff4577a816730677f,org.zakky.memopad.BgConfigActionProvider,112,0,7,26
e31d914a0c2ac0703386a08ff4577a816730677f,org.zakky.memopad.CanvasFragment,117,56,8,25
e31d914a0c2ac0703386a08ff4577a816730677f,org.zakky.memopad.MyDialogFragment,35,0,9,6
e31d914a0c2ac0703386a08ff4577a816730677f,org.zakky.memopad.PadActivity,179,100,15,29
e31d914a0c2ac0703386a08ff4577a816730677f,org.zakky.memopad.PaintView,265,137,26,48
e31d914a0c2ac0703386a08ff4577a816730677f,org.zakky.memopad.PenConfigActionProvider,131,0,9,32
3303f1bf9752a195320c3a2f8481ba9937658ce0,org.zakky.smart_tag_app.MediaUtils,91,10,10,15
3303f1bf9752a195320c3a2f8481ba9937658ce0,org.zakky.smart_tag_app.SmartTagAppActivity,121,0,18,16
3303f1bf9752a195320c3a2f8481ba9937658ce0,org.zakky.smart_tag_app.SmartTagTask,35,4,5,8
3303f1bf9752a195320c3a2f8481ba9937658ce0,org.zakky.memopad.BgConfigActionProvider,112,0,7,26
3303f1bf9752a195320c3a2f8481ba9937658ce0,org.zakky.memopad.CanvasFragment,117,56,8,25
3303f1bf9752a195320c3a2f8481ba9937658ce0,org.zakky.memopad.MyDialogFragment,35,0,9,6
3303f1bf9752a195320c3a2f8481ba9937658ce0,org.zakky.memopad.PadActivity,179,100,15,29
3303f1bf9752a195320c3a2f8481ba9937658ce0,org.zakky.memopad.PaintView,265,137,26,48
3303f1bf9752a195320c3a2f8481ba9937658ce0,org.zakky.memopad.PenConfigActionProvider,131,0,9,32
149febabc5531ead481d036af4e6797e871d3188,org.zakky.smart_tag_app.MediaUtils,91,10,10,15
149febabc5531ead481d036af4e6797e871d3188,org.zakky.smart_tag_app.SmartTagAppActivity,121,0,18,16
149febabc5531ead481d036af4e6797e871d3188,org.zakky.smart_tag_app.SmartTagTask,35,4,5,8
149febabc5531ead481d036af4e6797e871d3188,org.zakky.memopad.BgConfigActionProvider,112,0,7,26
149febabc5531ead481d036af4e6797e871d3188,org.zakky.memopad.CanvasFragment,117,56,8,25
149febabc5531ead481d036af4e6797e871d3188,org.zakky.memopad.MyDialogFragment,35,0,9,6
149febabc5531ead481d036af4e6797e871d3188,org.zakky.memopad.PadActivity,179,100,15,29
149febabc5531ead481d036af4e6797e871d3188,org.zakky.memopad.PaintView,265,137,26,48
149febabc5531ead481d036af4e6797e871d3188,org.zakky.memopad.PenConfigActionProvider,131,0,9,32
ad748831aaf7fa8eb52347ff732ade9326e3789a,org.zakky.smart_tag_app.MediaUtils,91,10,10,15
ad748831aaf7fa8eb52347ff732ade9326e3789a,org.zakky.smart_tag_app.SmartTagAppActivity,121,0,18,16
ad748831aaf7fa8eb52347ff732ade9326e3789a,org.zakky.smart_tag_app.SmartTagTask,35,4,5,8
ad748831aaf7fa8eb52347ff732ade9326e3789a,org.zakky.memopad.BgConfigActionProvider,112,0,7,26
ad748831aaf7fa8eb52347ff732ade9326e3789a,org.zakky.memopad.CanvasFragment,117,56,8,25
ad748831aaf7fa8eb52347ff732ade9326e3789a,org.zakky.memopad.MyDialogFragment,35,0,9,6
ad748831aaf7fa8eb52347ff732ade9326e3789a,org.zakky.memopad.PadActivity,179,100,15,29
ad748831aaf7fa8eb52347ff732ade9326e3789a,org.zakky.memopad.PaintView,265,137,26,48
ad748831aaf7fa8eb52347ff732ade9326e3789a,org.zakky.memopad.PenConfigActionProvider,131,0,9,32
5ac81515e8f294b8ac3225b8db48468853aa7061,org.zakky.smart_tag_app.MediaUtils,91,10,10,15
5ac81515e8f294b8ac3225b8db48468853aa7061,org.zakky.smart_tag_app.SmartTagAppActivity,121,0,18,16
5ac81515e8f294b8ac3225b8db48468853aa7061,org.zakky.smart_tag_app.SmartTagTask,35,4,5,8
5ac81515e8f294b8ac3225b8db48468853aa7061,org.zakky.memopad.BgConfigActionProvider,112,0,7,26
5ac81515e8f294b8ac3225b8db48468853aa7061,org.zakky.memopad.CanvasFragment,117,56,8,25
5ac81515e8f294b8ac3225b8db48468853aa7061,org.zakky.memopad.MyDialogFragment,35,0,9,6
5ac81515e8f294b8ac3225b8db48468853aa7061,org.zakky.memopad.PadActivity,179,100,15,29
5ac81515e8f294b8ac3225b8db48468853aa7061,org.zakky.memopad.PaintView,265,137,26,48
5ac81515e8f294b8ac3225b8db48468853aa7061,org.zakky.memopad.PenConfigActionProvider,131,0,9,32
0dfaba7e2fad82870c926a9d1fdd4e6dd4c959da,org.zakky.smart_tag_app.MediaUtils,91,10,10,15
0dfaba7e2fad82870c926a9d1fdd4e6dd4c959da,org.zakky.smart_tag_app.SmartTagAppActivity,121,0,18,16
0dfaba7e2fad82870c926a9d1fdd4e6dd4c959da,org.zakky.smart_tag_app.SmartTagTask,35,4,5,8
0dfaba7e2fad82870c926a9d1fdd4e6dd4c959da,org.zakky.memopad.BgConfigActionProvider,112,0,7,26
0dfaba7e2fad82870c926a9d1fdd4e6dd4c959da,org.zakky.memopad.CanvasFragment,117,56,8,25
0dfaba7e2fad82870c926a9d1fdd4e6dd4c959da,org.zakky.memopad.MyDialogFragment,35,0,9,6
0dfaba7e2fad82870c926a9d1fdd4e6dd4c959da,org.zakky.memopad.PadActivity,179,100,15,29
0dfaba7e2fad82870c926a9d1fdd4e6dd4c959da,org.zakky.memopad.PaintView,265,137,26,48
0dfaba7e2fad82870c926a9d1fdd4e6dd4c959da,org.zakky.memopad.PenConfigActionProvider,131,0,9,32
08d478f9480c367153a4b04649ca9bf5746d7dff,org.zakky.smart_tag_app.MediaUtils,91,10,10,15
08d478f9480c367153a4b04649ca9bf5746d7dff,org.zakky.smart_tag_app.SmartTagAppActivity,121,0,18,16
08d478f9480c367153a4b04649ca9bf5746d7dff,org.zakky.smart_tag_app.SmartTagTask,35,4,5,8
08d478f9480c367153a4b04649ca9bf5746d7dff,org.zakky.memopad.BgConfigActionProvider,112,0,7,26
08d478f9480c367153a4b04649ca9bf5746d7dff,org.zakky.memopad.CanvasFragment,117,56,8,25
08d478f9480c367153a4b04649ca9bf5746d7dff,org.zakky.memopad.MyDialogFragment,35,0,9,6
08d478f9480c367153a4b04649ca9bf5746d7dff,org.zakky.memopad.PadActivity,179,100,15,29
08d478f9480c367153a4b04649ca9bf5746d7dff,org.zakky.memopad.PaintView,265,137,26,48
08d478f9480c367153a4b04649ca9bf5746d7dff,org.zakky.memopad.PenConfigActionProvider,131,0,9,32
38fb5cc44c147140802452ca7116960ab239fa70,org.zakky.smart_tag_app.MediaUtils,91,10,10,15
38fb5cc44c147140802452ca7116960ab239fa70,org.zakky.smart_tag_app.SmartTagAppActivity,121,0,18,16
38fb5cc44c147140802452ca7116960ab239fa70,org.zakky.smart_tag_app.SmartTagTask,35,4,5,8
38fb5cc44c147140802452ca7116960ab239fa70,org.zakky.memopad.BgConfigActionProvider,112,0,7,26
38fb5cc44c147140802452ca7116960ab239fa70,org.zakky.memopad.CanvasFragment,117,56,8,25
38fb5cc44c147140802452ca7116960ab239fa70,org.zakky.memopad.MyDialogFragment,35,0,9,6
38fb5cc44c147140802452ca7116960ab239fa70,org.zakky.memopad.PadActivity,179,100,15,29
38fb5cc44c147140802452ca7116960ab239fa70,org.zakky.memopad.PaintView,265,137,26,48
38fb5cc44c147140802452ca7116960ab239fa70,org.zakky.memopad.PenConfigActionProvider,131,0,9,32
3290a8d4a5b6896556b40bf1ad9119b71014b2d1,org.zakky.smart_tag_app.MediaUtils,91,10,10,15
3290a8d4a5b6896556b40bf1ad9119b71014b2d1,org.zakky.smart_tag_app.SmartTagAppActivity,121,0,18,16
3290a8d4a5b6896556b40bf1ad9119b71014b2d1,org.zakky.smart_tag_app.SmartTagTask,35,4,5,8
3290a8d4a5b6896556b40bf1ad9119b71014b2d1,org.zakky.memopad.BgConfigActionProvider,112,0,7,26
3290a8d4a5b6896556b40bf1ad9119b71014b2d1,org.zakky.memopad.CanvasFragment,117,56,8,25
3290a8d4a5b6896556b40bf1ad9119b71014b2d1,org.zakky.memopad.MyDialogFragment,35,0,9,6
3290a8d4a5b6896556b40bf1ad9119b71014b2d1,org.zakky.memopad.PadActivity,179,100,15,29
3290a8d4a5b6896556b40bf1ad9119b71014b2d1,org.zakky.memopad.PaintView,265,137,26,48
3290a8d4a5b6896556b40bf1ad9119b71014b2d1,org.zakky.memopad.PenConfigActionProvider,131,0,9,32
